image	set	methodA	methodB	bg_bg	bg_lv	bg_my	lv_bg	lv_lv	lv_my	my_bg	my_lv	my_my
1139-frame029-slice001.png	1139	own_masks	ukbb_masks	47826	53	25	0	752	172	34	20	270
554-frame029-slice000.png	554	own_masks	ukbb_masks	49152	0	0	0	0	0	0	0	0
98-frame006-slice008.png	98	own_masks	ukbb_masks	48479	0	34	0	255	54	44	6	280
98-frame022-slice000.png	98	own_masks	ukbb_masks	47524	0	81	0	996	82	24	13	432
554-frame024-slice003.png	554	own_masks	ukbb_masks	46759	0	0	0	1429	202	219	0	543
98-frame005-slice003.png	98	own_masks	ukbb_masks	47222	0	96	0	1131	68	10	14	611
528-frame024-slice003.png	528	own_masks	ukbb_masks	47136	0	16	0	1228	179	109	0	484
98-frame010-slice003.png	98	own_masks	ukbb_masks	47403	0	87	0	932	168	9	0	553
98-frame013-slice010.png	98	own_masks	ukbb_masks	49152	0	0	0	0	0	0	0	0
71-frame008-slice008.png	71	own_masks	ukbb_masks	48239	0	50	0	412	25	55	9	362
761-frame029-slice009.png	761	own_masks	ukbb_masks	48717	0	91	5	118	0	66	63	92
554-frame011-slice001.png	554	own_masks	ukbb_masks	49152	0	0	0	0	0	0	0	0
447-frame012-slice001.png	447	own_masks	ukbb_masks	49152	0	0	0	0	0	0	0	0
447-frame012-slice002.png	447	own_masks	ukbb_masks	47589	0	31	0	737	149	62	9	575
761-frame029-slice007.png	761	own_masks	ukbb_masks	48365	0	58	0	432	56	65	14	162
98-frame005-slice001.png	98	own_masks	ukbb_masks	47628	0	83	0	862	61	10	4	504
98-frame007-slice002.png	98	own_masks	ukbb_masks	47437	0	46	0	879	140	37	2	611
528-frame003-slice003.png	528	own_masks	ukbb_masks	47134	0	12	0	1211	161	118	3	513
98-frame021-slice006.png	98	own_masks	ukbb_masks	47776	0	50	0	876	56	7	10	377
447-frame025-slice008.png	447	own_masks	ukbb_masks	48678	0	6	0	269	44	37	8	110
940-frame018-slice009.png	940	own_masks	ukbb_masks	49152	0	0	0	0	0	0	0	0
447-frame012-slice006.png	447	own_masks	ukbb_masks	47853	0	68	0	504	179	47	3	498
940-frame029-slice007.png	940	own_masks	ukbb_masks	48356	0	1	0	419	36	71	10	259
554-frame018-slice004.png	554	own_masks	ukbb_masks	46902	0	6	0	1409	165	117	0	553
98-frame024-slice004.png	98	own_masks	ukbb_masks	47221	0	114	0	1244	78	27	9	459
940-frame012-slice008.png	940	own_masks	ukbb_masks	48723	0	24	0	71	24	66	21	223
71-frame029-slice005.png	71	own_masks	ukbb_masks	47370	0	19	0	1148	142	144	2	327
98-frame000-slice006.png	98	own_masks	ukbb_masks	47690	0	30	0	908	126	67	2	329
554-frame018-slice003.png	554	own_masks	ukbb_masks	46794	0	0	0	1411	151	211	0	585
98-frame025-slice001.png	98	own_masks	ukbb_masks	47134	0	41	0	1235	135	70	6	531
98-frame002-slice003.png	98	own_masks	ukbb_masks	46976	0	27	0	1384	87	47	0	631
1139-frame008-slice007.png	1139	own_masks	ukbb_masks	48493	0	15	0	261	67	55	2	259
940-frame012-slice000.png	940	own_masks	ukbb_masks	49152	0	0	0	0	0	0	0	0
98-frame004-slice010.png	98	own_masks	ukbb_masks	49152	0	0	0	0	0	0	0	0
1139-frame008-slice001.png	1139	own_masks	ukbb_masks	49152	0	0	0	0	0	0	0	0
98-frame021-slice003.png	98	own_masks	ukbb_masks	47042	0	126	0	1338	72	9	14	551
98-frame020-slice003.png	98	own_masks	ukbb_masks	47018	0	118	0	1352	85	10	9	560
119-frame010-slice008.png	119	own_masks	ukbb_masks	54223	0	14	0	888	147	72	0	464
119-frame010-slice007.png	119	own_masks	ukbb_masks	53833	0	45	0	1187	113	88	8	534
761-frame012-slice009.png	761	own_masks	ukbb_masks	49152	0	0	0	0	0	0	0	0
71-frame013-slice008.png	71	own_masks	ukbb_masks	48242	0	41	0	458	13	66	40	292
1139-frame008-slice003.png	1139	own_masks	ukbb_masks	47868	0	9	0	560	113	86	0	516
119-frame004-slice004.png	119	own_masks	ukbb_masks	53146	0	30	0	1609	190	147	6	680
447-frame008-slice004.png	447	own_masks	ukbb_masks	47078	0	13	0	1105	219	159	2	576
98-frame015-slice006.png	98	own_masks	ukbb_masks	47767	0	46	0	866	69	21	8	375
98-frame015-slice001.png	98	own_masks	ukbb_masks	47330	0	28	0	1089	145	27	2	531
98-frame008-slice006.png	98	own_masks	ukbb_masks	47950	0	63	0	575	66	6	2	490
447-frame000-slice005.png	447	own_masks	ukbb_masks	47345	0	29	0	1129	171	72	2	404
528-frame013-slice007.png	528	own_masks	ukbb_masks	48073	0	25	0	418	73	33	1	529
119-frame010-slice000.png	119	own_masks	ukbb_masks	55144	320	344	0	0	0	0	0	0
71-frame029-slice001.png	71	own_masks	ukbb_masks	47332	0	3	3	1209	127	160	12	306
98-frame004-slice001.png	98	own_masks	ukbb_masks	47512	0	111	0	952	102	2	3	470
98-frame022-slice004.png	98	own_masks	ukbb_masks	47258	0	102	0	1230	66	14	14	468
98-frame020-slice001.png	98	own_masks	ukbb_masks	47164	0	34	0	1246	105	33	5	565
761-frame003-slice002.png	761	own_masks	ukbb_masks	47519	0	9	0	936	152	107	3	426
98-frame011-slice004.png	98	own_masks	ukbb_masks	47485	0	81	0	902	107	2	0	575
71-frame018-slice001.png	71	own_masks	ukbb_masks	47667	68	0	0	915	77	114	61	250
98-frame006-slice000.png	98	own_masks	ukbb_masks	49152	0	0	0	0	0	0	0	0
98-frame004-slice004.png	98	own_masks	ukbb_masks	47288	0	73	0	1108	114	33	6	530
98-frame014-slice001.png	98	own_masks	ukbb_masks	47373	0	47	0	1006	129	31	3	563
98-frame007-slice007.png	98	own_masks	ukbb_masks	48209	0	17	0	413	85	21	0	407
554-frame003-slice002.png	554	own_masks	ukbb_masks	46996	0	7	0	1329	121	192	3	504
98-frame017-slice006.png	98	own_masks	ukbb_masks	47745	0	65	0	882	80	9	6	365
98-frame019-slice006.png	98	own_masks	ukbb_masks	47781	0	71	0	872	57	5	10	356
98-frame027-slice003.png	98	own_masks	ukbb_masks	47009	0	76	0	1380	102	19	9	557
940-frame007-slice004.png	940	own_masks	ukbb_masks	48046	0	39	0	359	102	75	6	525
940-frame012-slice006.png	940	own_masks	ukbb_masks	48307	0	19	0	209	46	45	2	524
98-frame027-slice002.png	98	own_masks	ukbb_masks	46967	0	105	0	1418	91	10	6	555
71-frame013-slice006.png	71	own_masks	ukbb_masks	47760	0	38	0	840	74	103	19	318
761-frame007-slice004.png	761	own_masks	ukbb_masks	47836	0	7	0	639	66	62	1	541
98-frame011-slice010.png	98	own_masks	ukbb_masks	49152	0	0	0	0	0	0	0	0
98-frame019-slice002.png	98	own_masks	ukbb_masks	47034	0	101	0	1349	113	22	1	532
447-frame000-slice006.png	447	own_masks	ukbb_masks	47823	0	43	0	829	104	43	26	284
98-frame019-slice008.png	98	own_masks	ukbb_masks	48390	0	45	0	411	39	31	20	216
554-frame007-slice009.png	554	own_masks	ukbb_masks	48624	0	20	0	152	26	53	11	266
119-frame004-slice005.png	119	own_masks	ukbb_masks	53287	0	56	0	1545	191	129	0	600
554-frame024-slice002.png	554	own_masks	ukbb_masks	46946	0	3	0	1366	215	184	0	438
1139-frame004-slice005.png	1139	own_masks	ukbb_masks	47881	0	19	0	727	102	77	22	324
554-frame003-slice007.png	554	own_masks	ukbb_masks	47672	0	16	0	876	117	72	0	399
98-frame009-slice001.png	98	own_masks	ukbb_masks	47867	0	26	0	774	82	16	4	383
98-frame024-slice010.png	98	own_masks	ukbb_masks	49152	0	0	0	0	0	0	0	0
98-frame004-slice000.png	98	own_masks	ukbb_masks	48515	433	204	0	0	0	0	0	0
447-frame000-slice003.png	447	own_masks	ukbb_masks	46736	0	27	0	1589	235	77	0	488
940-frame029-slice006.png	940	own_masks	ukbb_masks	48117	0	24	0	581	47	68	9	306
98-frame008-slice010.png	98	own_masks	ukbb_masks	49152	0	0	0	0	0	0	0	0
554-frame029-slice006.png	554	own_masks	ukbb_masks	47232	0	17	0	1336	157	76	0	334
528-frame019-slice005.png	528	own_masks	ukbb_masks	47436	0	68	0	1066	52	92	8	430
528-frame008-slice007.png	528	own_masks	ukbb_masks	47919	0	0	0	558	64	92	7	512
528-frame024-slice007.png	528	own_masks	ukbb_masks	47891	0	45	0	756	78	49	4	329
98-frame005-slice004.png	98	own_masks	ukbb_masks	47375	0	68	0	1013	88	20	6	582
98-frame018-slice010.png	98	own_masks	ukbb_masks	49152	0	0	0	0	0	0	0	0
98-frame001-slice000.png	98	own_masks	ukbb_masks	47414	47	60	0	1062	47	34	9	479
761-frame012-slice001.png	761	own_masks	ukbb_masks	49152	0	0	0	0	0	0	0	0
98-frame016-slice005.png	98	own_masks	ukbb_masks	47456	0	32	0	1097	67	15	12	473
554-frame003-slice004.png	554	own_masks	ukbb_masks	46915	0	21	0	1398	162	122	1	533
98-frame003-slice008.png	98	own_masks	ukbb_masks	48281	0	48	0	425	63	78	6	251
761-frame018-slice009.png	761	own_masks	ukbb_masks	49152	0	0	0	0	0	0	0	0
1139-frame029-slice005.png	1139	own_masks	ukbb_masks	47887	0	38	0	807	129	64	1	226
98-frame014-slice006.png	98	own_masks	ukbb_masks	47839	0	24	0	793	87	34	12	363
119-frame004-slice007.png	119	own_masks	ukbb_masks	53790	0	43	0	1257	147	106	4	461
528-frame019-slice010.png	528	own_masks	ukbb_masks	49152	0	0	0	0	0	0	0	0
98-frame021-slice007.png	98	own_masks	ukbb_masks	48047	0	49	0	648	51	17	9	331
761-frame003-slice007.png	761	own_masks	ukbb_masks	48339	0	9	0	403	43	99	5	254
98-frame015-slice000.png	98	own_masks	ukbb_masks	47641	0	79	0	878	36	24	6	488
98-frame004-slice003.png	98	own_masks	ukbb_masks	47125	0	67	0	1244	113	22	0	581
98-frame000-slice007.png	98	own_masks	ukbb_masks	47969	0	21	0	681	77	76	7	321
98-frame011-slice005.png	98	own_masks	ukbb_masks	47647	0	71	0	789	84	13	5	543
940-frame029-slice009.png	940	own_masks	ukbb_masks	48896	0	5	0	60	31	50	2	108
447-frame025-slice001.png	447	own_masks	ukbb_masks	47779	893	480	0	0	0	0	0	0
528-frame003-slice002.png	528	own_masks	ukbb_masks	47207	0	17	0	1149	172	144	2	461
98-frame004-slice008.png	98	own_masks	ukbb_masks	48394	0	32	0	368	47	28	7	276
761-frame012-slice006.png	761	own_masks	ukbb_masks	48367	0	11	0	212	35	51	11	465
98-frame005-slice010.png	98	own_masks	ukbb_masks	49152	0	0	0	0	0	0	0	0
98-frame006-slice010.png	98	own_masks	ukbb_masks	49152	0	0	0	0	0	0	0	0
554-frame018-slice000.png	554	own_masks	ukbb_masks	49152	0	0	0	0	0	0	0	0
98-frame018-slice000.png	98	own_masks	ukbb_masks	47389	99	118	0	977	53	31	21	464
71-frame023-slice000.png	71	own_masks	ukbb_masks	49152	0	0	0	0	0	0	0	0
98-frame028-slice007.png	98	own_masks	ukbb_masks	47991	0	19	0	673	79	60	3	327
761-frame018-slice006.png	761	own_masks	ukbb_masks	48320	0	93	0	296	60	30	2	351
554-frame024-slice000.png	554	own_masks	ukbb_masks	49152	0	0	0	0	0	0	0	0
119-frame004-slice002.png	119	own_masks	ukbb_masks	53131	0	2	0	1701	264	185	0	525
98-frame022-slice007.png	98	own_masks	ukbb_masks	48027	0	52	0	664	61	21	4	323
1139-frame013-slice005.png	1139	own_masks	ukbb_masks	48091	0	35	0	413	129	37	2	445
119-frame004-slice008.png	119	own_masks	ukbb_masks	54190	0	21	0	945	111	80	0	461
71-frame018-slice005.png	71	own_masks	ukbb_masks	47467	0	21	0	1074	143	106	1	340
1139-frame021-slice002.png	1139	own_masks	ukbb_masks	47945	59	29	0	524	140	45	15	395
447-frame020-slice006.png	447	own_masks	ukbb_masks	47967	0	62	0	579	123	57	1	363
940-frame007-slice000.png	940	own_masks	ukbb_masks	49152	0	0	0	0	0	0	0	0
528-frame024-slice002.png	528	own_masks	ukbb_masks	47206	0	16	0	1163	218	160	0	389
98-frame027-slice001.png	98	own_masks	ukbb_masks	47137	0	64	0	1317	95	21	1	517
71-frame013-slice002.png	71	own_masks	ukbb_masks	47437	0	5	0	1021	139	154	6	390
447-frame025-slice002.png	447	own_masks	ukbb_masks	46874	0	17	0	1301	275	99	0	586
119-frame010-slice003.png	119	own_masks	ukbb_masks	53157	0	37	0	1611	228	127	0	648
528-frame013-slice000.png	528	own_masks	ukbb_masks	49152	0	0	0	0	0	0	0	0
71-frame018-slice009.png	71	own_masks	ukbb_masks	48445	0	13	0	416	35	60	4	179
528-frame003-slice009.png	528	own_masks	ukbb_masks	48522	0	60	0	292	30	31	10	207
71-frame023-slice007.png	71	own_masks	ukbb_masks	47853	0	34	0	836	84	62	3	280
554-frame024-slice006.png	554	own_masks	ukbb_masks	47244	0	5	0	1202	221	136	0	344
940-frame012-slice009.png	940	own_masks	ukbb_masks	49069	0	83	0	0	0	0	0	0
761-frame007-slice003.png	761	own_masks	ukbb_masks	47745	0	4	0	624	98	86	4	591
940-frame003-slice001.png	940	own_masks	ukbb_masks	48691	294	167	0	0	0	0	0	0
447-frame008-slice003.png	447	own_masks	ukbb_masks	47128	0	9	0	1063	177	128	0	647
554-frame011-slice003.png	554	own_masks	ukbb_masks	47479	0	10	0	746	137	111	1	668
528-frame029-slice009.png	528	own_masks	ukbb_masks	48530	0	44	0	317	29	14	16	202
98-frame028-slice009.png	98	own_masks	ukbb_masks	48888	0	0	105	43	0	109	3	4
98-frame002-slice001.png	98	own_masks	ukbb_masks	47194	1	93	0	1209	92	26	16	521
940-frame024-slice007.png	940	own_masks	ukbb_masks	48370	0	2	0	380	64	51	0	285
119-frame021-slice009.png	119	own_masks	ukbb_masks	54795	0	13	0	545	112	55	1	287
554-frame024-slice004.png	554	own_masks	ukbb_masks	46843	0	4	0	1441	176	156	5	527
98-frame023-slice003.png	98	own_masks	ukbb_masks	47037	0	107	0	1359	81	8	0	560
119-frame016-slice002.png	119	own_masks	ukbb_masks	53359	0	9	0	1476	277	119	0	568
98-frame021-slice010.png	98	own_masks	ukbb_masks	49152	0	0	0	0	0	0	0	0
98-frame022-slice009.png	98	own_masks	ukbb_masks	48888	0	0	157	0	0	107	0	0
940-frame018-slice008.png	940	own_masks	ukbb_masks	48784	0	63	0	80	13	7	13	192
761-frame018-slice002.png	761	own_masks	ukbb_masks	47892	0	13	0	522	80	93	2	550
940-frame029-slice008.png	940	own_masks	ukbb_masks	48617	0	38	0	255	25	36	6	175
119-frame029-slice009.png	119	own_masks	ukbb_masks	54738	0	14	0	590	145	84	0	237
119-frame021-slice006.png	119	own_masks	ukbb_masks	53628	0	6	0	1323	153	95	0	603
119-frame010-slice005.png	119	own_masks	ukbb_masks	53357	0	60	0	1468	195	112	0	616
98-frame002-slice009.png	98	own_masks	ukbb_masks	48815	0	47	19	169	15	35	3	49
98-frame023-slice002.png	98	own_masks	ukbb_masks	47043	0	53	0	1361	90	26	1	578
447-frame020-slice007.png	447	own_masks	ukbb_masks	48329	0	18	0	400	64	43	0	298
71-frame029-slice004.png	71	own_masks	ukbb_masks	47251	0	3	0	1217	148	125	1	407
98-frame011-slice009.png	98	own_masks	ukbb_masks	49039	0	0	31	0	0	82	0	0
528-frame029-slice001.png	528	own_masks	ukbb_masks	47276	0	25	0	1164	166	106	1	414
98-frame026-slice006.png	98	own_masks	ukbb_masks	47757	0	45	0	870	66	10	12	392
71-frame023-slice002.png	71	own_masks	ukbb_masks	47206	0	0	0	1217	132	144	1	452
98-frame009-slice009.png	98	own_masks	ukbb_masks	49039	0	0	51	0	0	62	0	0
98-frame016-slice002.png	98	own_masks	ukbb_masks	47142	0	84	0	1312	80	22	0	512
98-frame012-slice004.png	98	own_masks	ukbb_masks	47467	0	91	0	944	109	12	0	529
71-frame013-slice001.png	71	own_masks	ukbb_masks	47945	870	337	0	0	0	0	0	0
98-frame020-slice010.png	98	own_masks	ukbb_masks	49152	0	0	0	0	0	0	0	0
1139-frame026-slice001.png	1139	own_masks	ukbb_masks	47913	81	22	0	627	118	36	24	331
119-frame016-slice009.png	119	own_masks	ukbb_masks	54841	0	8	0	422	147	88	0	302
119-frame021-slice003.png	119	own_masks	ukbb_masks	53139	0	2	0	1568	308	126	0	665
98-frame024-slice008.png	98	own_masks	ukbb_masks	48408	0	23	0	424	43	27	5	222
119-frame004-slice006.png	119	own_masks	ukbb_masks	53521	0	5	0	1431	156	116	1	578
98-frame026-slice007.png	98	own_masks	ukbb_masks	48014	0	34	0	651	82	41	8	322
1139-frame021-slice004.png	1139	own_masks	ukbb_masks	47914	0	47	0	584	105	49	0	453
71-frame023-slice008.png	71	own_masks	ukbb_masks	48022	0	22	0	749	66	40	3	250
761-frame018-slice008.png	761	own_masks	ukbb_masks	48910	0	15	0	62	16	34	6	109
554-frame024-slice008.png	554	own_masks	ukbb_masks	48223	0	30	0	527	82	42	0	248
554-frame007-slice006.png	554	own_masks	ukbb_masks	47568	0	32	0	795	56	64	15	622
554-frame007-slice001.png	554	own_masks	ukbb_masks	49152	0	0	0	0	0	0	0	0
71-frame008-slice003.png	71	own_masks	ukbb_masks	47803	0	17	0	607	74	76	5	570
98-frame026-slice010.png	98	own_masks	ukbb_masks	49152	0	0	0	0	0	0	0	0
98-frame024-slice000.png	98	own_masks	ukbb_masks	47459	53	71	0	1013	137	26	0	393
940-frame018-slice004.png	940	own_masks	ukbb_masks	48047	0	8	0	316	112	88	1	580
98-frame010-slice010.png	98	own_masks	ukbb_masks	49152	0	0	0	0	0	0	0	0
554-frame029-slice003.png	554	own_masks	ukbb_masks	46696	0	42	0	1631	147	87	10	539
528-frame013-slice003.png	528	own_masks	ukbb_masks	47631	0	20	0	671	179	67	0	584
98-frame012-slice009.png	98	own_masks	ukbb_masks	49047	0	0	27	0	0	78	0	0
98-frame007-slice005.png	98	own_masks	ukbb_masks	47607	0	49	0	803	90	46	4	553
119-frame026-slice003.png	119	own_masks	ukbb_masks	53032	0	19	0	1682	257	135	0	683
554-frame003-slice000.png	554	own_masks	ukbb_masks	49152	0	0	0	0	0	0	0	0
447-frame008-slice001.png	447	own_masks	ukbb_masks	49152	0	0	0	0	0	0	0	0
528-frame019-slice006.png	528	own_masks	ukbb_masks	47701	0	51	0	777	104	54	1	464
98-frame009-slice008.png	98	own_masks	ukbb_masks	48553	0	14	0	177	36	53	8	311
98-frame013-slice007.png	98	own_masks	ukbb_masks	48200	0	40	0	491	49	6	17	349
98-frame021-slice008.png	98	own_masks	ukbb_masks	48401	0	40	0	405	47	33	15	211
98-frame023-slice010.png	98	own_masks	ukbb_masks	49152	0	0	0	0	0	0	0	0
761-frame007-slice006.png	761	own_masks	ukbb_masks	48276	0	23	0	382	46	45	0	380
761-frame012-slice008.png	761	own_masks	ukbb_masks	48964	0	19	0	28	8	32	3	98
98-frame004-slice009.png	98	own_masks	ukbb_masks	48873	0	25	10	99	11	53	18	63
119-frame016-slice008.png	119	own_masks	ukbb_masks	54321	0	22	0	815	154	33	0	463
98-frame006-slice005.png	98	own_masks	ukbb_masks	47578	0	33	0	845	96	56	11	533
98-frame001-slice006.png	98	own_masks	ukbb_masks	47702	0	32	0	895	80	47	6	390
447-frame025-slice003.png	447	own_masks	ukbb_masks	46829	0	40	0	1459	244	86	0	494
98-frame029-slice001.png	98	own_masks	ukbb_masks	47084	0	49	0	1315	104	46	0	554
554-frame018-slice001.png	554	own_masks	ukbb_masks	49109	0	43	0	0	0	0	0	0
940-frame018-slice000.png	940	own_masks	ukbb_masks	49152	0	0	0	0	0	0	0	0
119-frame026-slice005.png	119	own_masks	ukbb_masks	53282	0	15	0	1615	181	105	0	610
98-frame002-slice004.png	98	own_masks	ukbb_masks	47185	0	42	0	1251	101	26	6	541
447-frame025-slice000.png	447	own_masks	ukbb_masks	48784	206	162	0	0	0	0	0	0
554-frame003-slice006.png	554	own_masks	ukbb_masks	47302	0	37	0	1175	114	73	6	445
98-frame010-slice007.png	98	own_masks	ukbb_masks	48279	0	26	0	327	26	13	20	461
528-frame013-slice008.png	528	own_masks	ukbb_masks	48367	0	50	0	211	39	7	1	477
554-frame029-slice007.png	554	own_masks	ukbb_masks	47643	0	12	0	962	158	88	0	289
940-frame029-slice003.png	940	own_masks	ukbb_masks	47888	0	16	0	656	79	72	4	437
98-frame016-slice006.png	98	own_masks	ukbb_masks	47740	0	52	0	859	84	33	24	360
98-frame003-slice002.png	98	own_masks	ukbb_masks	47049	0	67	0	1324	157	26	5	524
98-frame027-slice010.png	98	own_masks	ukbb_masks	49152	0	0	0	0	0	0	0	0
528-frame019-slice003.png	528	own_masks	ukbb_masks	47322	0	3	0	987	195	172	0	473
119-frame016-slice003.png	119	own_masks	ukbb_masks	53236	0	7	0	1585	275	82	0	623
1139-frame026-slice002.png	1139	own_masks	ukbb_masks	47748	0	21	0	768	154	57	0	404
98-frame010-slice002.png	98	own_masks	ukbb_masks	47538	0	63	0	761	198	31	2	559
119-frame029-slice010.png	119	own_masks	ukbb_masks	55301	0	5	0	202	95	93	0	112
528-frame029-slice002.png	528	own_masks	ukbb_masks	47096	0	11	0	1258	199	203	0	385
98-frame024-slice002.png	98	own_masks	ukbb_masks	47022	0	95	0	1366	79	8	1	581
554-frame024-slice005.png	554	own_masks	ukbb_masks	46993	0	31	0	1372	238	138	0	380
98-frame018-slice001.png	98	own_masks	ukbb_masks	47190	0	131	0	1226	102	17	7	479
528-frame008-slice010.png	528	own_masks	ukbb_masks	49152	0	0	0	0	0	0	0	0
761-frame003-slice009.png	761	own_masks	ukbb_masks	48784	0	44	0	99	10	37	58	120
98-frame006-slice007.png	98	own_masks	ukbb_masks	48148	0	18	0	453	50	54	6	423
528-frame003-slice004.png	528	own_masks	ukbb_masks	47128	0	32	0	1194	172	126	0	500
528-frame013-slice002.png	528	own_masks	ukbb_masks	48000	841	311	0	0	0	0	0	0
554-frame003-slice001.png	554	own_masks	ukbb_masks	47961	847	344	0	0	0	0	0	0
528-frame013-slice006.png	528	own_masks	ukbb_masks	47794	0	3	0	580	117	66	0	592
940-frame029-slice002.png	940	own_masks	ukbb_masks	47810	0	0	0	652	146	88	0	456
119-frame010-slice001.png	119	own_masks	ukbb_masks	52836	631	126	16	1395	115	171	5	513
940-frame018-slice006.png	940	own_masks	ukbb_masks	48255	0	30	0	281	40	61	6	479
98-frame001-slice005.png	98	own_masks	ukbb_masks	47397	0	55	0	1129	119	32	5	415
554-frame007-slice004.png	554	own_masks	ukbb_masks	47325	0	18	0	921	152	70	1	665
1139-frame026-slice005.png	1139	own_masks	ukbb_masks	47962	0	35	0	716	112	53	2	272
98-frame016-slice010.png	98	own_masks	ukbb_masks	49152	0	0	0	0	0	0	0	0
98-frame013-slice005.png	98	own_masks	ukbb_masks	47614	0	76	0	911	80	12	9	450
98-frame020-slice004.png	98	own_masks	ukbb_masks	47244	0	96	0	1239	93	12	6	462
71-frame013-slice005.png	71	own_masks	ukbb_masks	47541	0	4	0	972	83	125	15	412
71-frame018-slice000.png	71	own_masks	ukbb_masks	49152	0	0	0	0	0	0	0	0
98-frame017-slice001.png	98	own_masks	ukbb_masks	47213	0	89	0	1222	112	14	6	496
119-frame021-slice000.png	119	own_masks	ukbb_masks	54731	740	337	0	0	0	0	0	0
98-frame027-slice004.png	98	own_masks	ukbb_masks	47202	0	68	0	1261	57	27	7	530
98-frame004-slice005.png	98	own_masks	ukbb_masks	47443	0	48	0	1016	129	47	1	468
119-frame021-slice007.png	119	own_masks	ukbb_masks	53889	0	6	0	1174	163	86	0	490
98-frame004-slice007.png	98	own_masks	ukbb_masks	48065	0	37	0	571	53	24	15	387
71-frame018-slice004.png	71	own_masks	ukbb_masks	47331	0	3	0	1150	167	97	1	403
761-frame003-slice008.png	761	own_masks	ukbb_masks	48548	0	9	0	240	56	104	7	188
761-frame024-slice003.png	761	own_masks	ukbb_masks	47587	0	1	0	813	168	107	0	476
98-frame013-slice003.png	98	own_masks	ukbb_masks	47245	0	56	0	1134	107	21	0	589
98-frame001-slice002.png	98	own_masks	ukbb_masks	46922	0	56	0	1439	142	37	2	554
98-frame019-slice000.png	98	own_masks	ukbb_masks	47336	134	112	0	1020	118	31	1	400
554-frame029-slice004.png	554	own_masks	ukbb_masks	46721	0	19	0	1639	164	129	4	476
71-frame029-slice000.png	71	own_masks	ukbb_masks	49152	0	0	0	0	0	0	0	0
98-frame017-slice003.png	98	own_masks	ukbb_masks	47049	0	99	0	1326	65	2	3	608
71-frame003-slice009.png	71	own_masks	ukbb_masks	48389	0	12	0	401	31	71	21	227
528-frame019-slice000.png	528	own_masks	ukbb_masks	49152	0	0	0	0	0	0	0	0
940-frame007-slice006.png	940	own_masks	ukbb_masks	48259	0	40	0	318	41	48	19	427
98-frame026-slice004.png	98	own_masks	ukbb_masks	47230	0	65	0	1242	72	12	9	522
528-frame013-slice004.png	528	own_masks	ukbb_masks	47559	0	33	0	659	123	95	1	682
71-frame018-slice007.png	71	own_masks	ukbb_masks	47886	0	27	0	814	94	72	0	259
98-frame021-slice001.png	98	own_masks	ukbb_masks	47160	0	43	0	1230	132	55	2	530
1139-frame026-slice008.png	1139	own_masks	ukbb_masks	48820	2	9	0	112	26	79	5	99
1139-frame021-slice003.png	1139	own_masks	ukbb_masks	47854	0	14	0	556	207	56	0	465
554-frame018-slice007.png	554	own_masks	ukbb_masks	47746	0	15	0	840	92	85	12	362
98-frame019-slice009.png	98	own_masks	ukbb_masks	48939	0	0	99	23	0	81	2	8
447-frame008-slice006.png	447	own_masks	ukbb_masks	47709	0	39	0	721	191	69	2	421
119-frame004-slice003.png	119	own_masks	ukbb_masks	53087	0	24	0	1701	213	112	0	671
98-frame005-slice000.png	98	own_masks	ukbb_masks	49152	0	0	0	0	0	0	0	0
119-frame021-slice004.png	119	own_masks	ukbb_masks	53288	0	14	0	1442	246	86	0	732
528-frame008-slice006.png	528	own_masks	ukbb_masks	47629	0	20	0	772	75	77	1	578
940-frame018-slice002.png	940	own_masks	ukbb_masks	48347	23	9	5	284	82	67	18	317
98-frame013-slice000.png	98	own_masks	ukbb_masks	49152	0	0	0	0	0	0	0	0
1139-frame013-slice001.png	1139	own_masks	ukbb_masks	49152	0	0	0	0	0	0	0	0
98-frame016-slice007.png	98	own_masks	ukbb_masks	48024	0	23	0	656	55	48	1	345
71-frame008-slice010.png	71	own_masks	ukbb_masks	48920	0	22	0	78	17	22	4	89
98-frame028-slice002.png	98	own_masks	ukbb_masks	46941	0	74	0	1439	97	32	8	561
98-frame025-slice010.png	98	own_masks	ukbb_masks	49152	0	0	0	0	0	0	0	0
940-frame007-slice009.png	940	own_masks	ukbb_masks	48900	0	0	0	38	29	110	0	75
98-frame014-slice009.png	98	own_masks	ukbb_masks	48914	0	1	98	34	0	93	4	8
98-frame017-slice009.png	98	own_masks	ukbb_masks	48931	0	6	90	36	1	78	6	4
98-frame011-slice001.png	98	own_masks	ukbb_masks	47844	0	48	0	761	85	35	1	378
98-frame029-slice005.png	98	own_masks	ukbb_masks	47387	0	58	0	1155	105	38	15	394
119-frame016-slice005.png	119	own_masks	ukbb_masks	53438	0	29	0	1375	222	93	0	651
940-frame003-slice000.png	940	own_masks	ukbb_masks	49152	0	0	0	0	0	0	0	0
98-frame026-slice001.png	98	own_masks	ukbb_masks	47156	0	39	0	1259	101	28	3	566
940-frame024-slice002.png	940	own_masks	ukbb_masks	48053	0	7	0	383	141	72	13	483
98-frame027-slice008.png	98	own_masks	ukbb_masks	48389	0	19	0	431	76	35	0	202
98-frame021-slice004.png	98	own_masks	ukbb_masks	47233	0	57	0	1234	76	30	10	512
554-frame029-slice009.png	554	own_masks	ukbb_masks	48637	0	52	0	261	71	50	0	81
98-frame003-slice003.png	98	own_masks	ukbb_masks	47058	0	35	0	1315	97	17	3	627
119-frame010-slice006.png	119	own_masks	ukbb_masks	53581	0	46	0	1351	175	106	0	549
761-frame024-slice004.png	761	own_masks	ukbb_masks	47732	0	20	0	785	122	73	2	418
761-frame012-slice004.png	761	own_masks	ukbb_masks	47916	0	22	0	453	100	55	1	605
98-frame003-slice010.png	98	own_masks	ukbb_masks	49152	0	0	0	0	0	0	0	0
761-frame029-slice000.png	761	own_masks	ukbb_masks	48154	54	14	30	516	54	130	17	183
761-frame003-slice003.png	761	own_masks	ukbb_masks	47565	0	0	0	876	136	119	5	451
98-frame006-slice003.png	98	own_masks	ukbb_masks	47277	0	64	0	1060	114	23	0	614
98-frame019-slice003.png	98	own_masks	ukbb_masks	47057	0	140	0	1352	70	3	3	527
1139-frame013-slice004.png	1139	own_masks	ukbb_masks	47938	0	14	0	383	211	103	0	503
761-frame007-slice002.png	761	own_masks	ukbb_masks	47763	0	1	0	607	139	115	0	527
71-frame008-slice007.png	71	own_masks	ukbb_masks	48133	0	52	0	432	56	65	2	412
98-frame012-slice003.png	98	own_masks	ukbb_masks	47327	0	67	0	1033	143	8	0	574
761-frame012-slice000.png	761	own_masks	ukbb_masks	49152	0	0	0	0	0	0	0	0
940-frame012-slice002.png	940	own_masks	ukbb_masks	48449	315	388	0	0	0	0	0	0
71-frame029-slice009.png	71	own_masks	ukbb_masks	48354	0	1	0	476	59	87	1	174
761-frame024-slice001.png	761	own_masks	ukbb_masks	48005	0	9	0	611	91	98	1	337
98-frame027-slice006.png	98	own_masks	ukbb_masks	47733	0	60	0	884	99	29	10	337
119-frame029-slice003.png	119	own_masks	ukbb_masks	53037	0	16	0	1720	273	104	0	658
761-frame012-slice002.png	761	own_masks	ukbb_masks	48051	0	8	0	440	104	54	0	495
71-frame029-slice007.png	71	own_masks	ukbb_masks	47867	0	29	0	848	69	42	3	294
447-frame000-slice007.png	447	own_masks	ukbb_masks	48188	0	39	0	614	66	26	7	212
71-frame003-slice002.png	71	own_masks	ukbb_masks	47518	0	0	0	1027	120	90	5	392
71-frame029-slice010.png	71	own_masks	ukbb_masks	48696	0	0	0	225	31	79	1	120
98-frame004-slice006.png	98	own_masks	ukbb_masks	47769	0	41	0	797	80	8	2	455
98-frame026-slice002.png	98	own_masks	ukbb_masks	47009	0	52	0	1363	126	28	2	572
1139-frame026-slice000.png	1139	own_masks	ukbb_masks	49152	0	0	0	0	0	0	0	0
1139-frame008-slice000.png	1139	own_masks	ukbb_masks	49152	0	0	0	0	0	0	0	0
528-frame008-slice000.png	528	own_masks	ukbb_masks	49152	0	0	0	0	0	0	0	0
71-frame018-slice008.png	71	own_masks	ukbb_masks	48080	0	53	0	681	14	27	40	257
98-frame000-slice000.png	98	own_masks	ukbb_masks	47446	0	85	0	1068	114	15	0	424
71-frame029-slice003.png	71	own_masks	ukbb_masks	47212	0	6	0	1241	177	123	0	393
554-frame029-slice005.png	554	own_masks	ukbb_masks	46892	0	16	0	1529	170	156	2	387
554-frame011-slice000.png	554	own_masks	ukbb_masks	49152	0	0	0	0	0	0	0	0
940-frame003-slice003.png	940	own_masks	ukbb_masks	47890	0	1	0	498	138	185	0	440
98-frame017-slice000.png	98	own_masks	ukbb_masks	47506	67	96	0	980	103	32	7	361
761-frame003-slice001.png	761	own_masks	ukbb_masks	47877	0	7	2	733	64	124	11	334
98-frame020-slice005.png	98	own_masks	ukbb_masks	47432	0	35	0	1101	88	42	11	443
447-frame025-slice005.png	447	own_masks	ukbb_masks	47419	0	49	0	1080	168	80	11	345
98-frame008-slice001.png	98	own_masks	ukbb_masks	47817	0	54	0	750	12	10	31	478
98-frame012-slice008.png	98	own_masks	ukbb_masks	48545	0	50	0	233	52	32	6	234
1139-frame029-slice007.png	1139	own_masks	ukbb_masks	48426	0	58	0	402	73	34	0	159
761-frame018-slice001.png	761	own_masks	ukbb_masks	49152	0	0	0	0	0	0	0	0
98-frame022-slice008.png	98	own_masks	ukbb_masks	48430	0	41	0	418	43	15	5	200
554-frame003-slice008.png	554	own_masks	ukbb_masks	48122	0	28	0	540	86	86	10	280
98-frame020-slice000.png	98	own_masks	ukbb_masks	47185	280	103	0	1013	98	34	1	438
119-frame029-slice004.png	119	own_masks	ukbb_masks	53152	0	81	0	1669	267	61	0	578
119-frame026-slice010.png	119	own_masks	ukbb_masks	55316	0	46	0	184	63	72	4	123
98-frame018-slice008.png	98	own_masks	ukbb_masks	48400	0	29	0	407	21	26	25	244
940-frame007-slice005.png	940	own_masks	ukbb_masks	48137	0	22	0	359	97	67	0	470
447-frame008-slice002.png	447	own_masks	ukbb_masks	47416	0	45	0	877	145	87	1	581
98-frame012-slice002.png	98	own_masks	ukbb_masks	47538	0	25	0	870	194	43	0	482
119-frame016-slice010.png	119	own_masks	ukbb_masks	55414	0	7	0	68	92	100	0	127
1139-frame008-slice006.png	1139	own_masks	ukbb_masks	48260	0	32	0	390	64	45	12	349
447-frame004-slice000.png	447	own_masks	ukbb_masks	49152	0	0	0	0	0	0	0	0
71-frame018-slice002.png	71	own_masks	ukbb_masks	47211	0	1	0	1198	116	160	9	457
447-frame025-slice004.png	447	own_masks	ukbb_masks	46800	0	11	0	1519	187	72	0	563
98-frame000-slice008.png	98	own_masks	ukbb_masks	48356	0	38	0	455	69	26	2	206
761-frame029-slice004.png	761	own_masks	ukbb_masks	47607	0	22	0	957	135	85	0	346
98-frame012-slice000.png	98	own_masks	ukbb_masks	49152	0	0	0	0	0	0	0	0
554-frame018-slice009.png	554	own_masks	ukbb_masks	48703	0	37	0	206	41	47	6	112
761-frame029-slice001.png	761	own_masks	ukbb_masks	47681	0	52	0	791	90	82	1	455
71-frame008-slice002.png	71	own_masks	ukbb_masks	48284	656	212	0	0	0	0	0	0
940-frame018-slice007.png	940	own_masks	ukbb_masks	48527	0	37	0	167	15	20	12	374
98-frame001-slice010.png	98	own_masks	ukbb_masks	49152	0	0	0	0	0	0	0	0
98-frame010-slice000.png	98	own_masks	ukbb_masks	49152	0	0	0	0	0	0	0	0
98-frame008-slice007.png	98	own_masks	ukbb_masks	48235	0	62	0	382	36	25	9	403
528-frame003-slice000.png	528	own_masks	ukbb_masks	49152	0	0	0	0	0	0	0	0
98-frame022-slice002.png	98	own_masks	ukbb_masks	47021	0	45	0	1356	142	36	6	546
447-frame000-slice001.png	447	own_masks	ukbb_masks	47679	995	478	0	0	0	0	0	0
447-frame012-slice000.png	447	own_masks	ukbb_masks	49152	0	0	0	0	0	0	0	0
447-frame012-slice004.png	447	own_masks	ukbb_masks	47285	0	38	0	893	144	58	5	729
554-frame024-slice009.png	554	own_masks	ukbb_masks	48680	0	22	0	213	32	35	7	163
119-frame021-slice010.png	119	own_masks	ukbb_masks	55302	0	1	0	160	49	130	4	162
940-frame024-slice000.png	940	own_masks	ukbb_masks	49152	0	0	0	0	0	0	0	0
98-frame025-slice008.png	98	own_masks	ukbb_masks	48410	0	44	0	413	36	18	14	217
98-frame006-slice009.png	98	own_masks	ukbb_masks	48980	0	0	80	0	0	92	0	0
528-frame024-slice006.png	528	own_masks	ukbb_masks	47527	0	47	0	1014	108	77	6	373
119-frame026-slice004.png	119	own_masks	ukbb_masks	53094	0	15	0	1662	215	147	1	674
447-frame004-slice007.png	447	own_masks	ukbb_masks	47978	0	41	0	622	62	38	16	395
98-frame025-slice006.png	98	own_masks	ukbb_masks	47764	0	77	0	878	91	8	5	329
98-frame029-slice009.png	98	own_masks	ukbb_masks	48864	0	0	186	0	0	102	0	0
554-frame007-slice005.png	554	own_masks	ukbb_masks	47398	0	26	0	912	116	79	0	621
98-frame027-slice005.png	98	own_masks	ukbb_masks	47428	0	43	0	1130	82	18	15	436
761-frame024-slice008.png	761	own_masks	ukbb_masks	48689	0	80	0	198	32	12	1	140
98-frame028-slice000.png	98	own_masks	ukbb_masks	47392	0	72	0	1094	121	21	1	451
98-frame018-slice005.png	98	own_masks	ukbb_masks	47442	0	44	0	1107	100	26	0	433
98-frame005-slice009.png	98	own_masks	ukbb_masks	48930	0	0	68	28	0	107	8	11
71-frame003-slice006.png	71	own_masks	ukbb_masks	47752	0	19	0	864	79	55	1	382
98-frame011-slice006.png	98	own_masks	ukbb_masks	47937	0	86	0	567	83	6	7	466
554-frame007-slice007.png	554	own_masks	ukbb_masks	47801	0	19	0	643	71	61	10	547
98-frame025-slice007.png	98	own_masks	ukbb_masks	48053	0	51	0	635	45	21	16	331
528-frame024-slice005.png	528	own_masks	ukbb_masks	47334	0	33	0	1127	161	110	0	387
940-frame024-slice004.png	940	own_masks	ukbb_masks	47930	0	6	0	490	216	88	0	422
98-frame000-slice010.png	98	own_masks	ukbb_masks	49152	0	0	0	0	0	0	0	0
98-frame007-slice003.png	98	own_masks	ukbb_masks	47340	0	60	0	992	132	31	1	596
71-frame003-slice000.png	71	own_masks	ukbb_masks	49152	0	0	0	0	0	0	0	0
940-frame007-slice008.png	940	own_masks	ukbb_masks	48714	0	6	0	157	28	37	0	210
98-frame029-slice007.png	98	own_masks	ukbb_masks	47987	0	16	0	677	73	63	4	332
528-frame024-slice008.png	528	own_masks	ukbb_masks	48201	0	86	0	535	41	4	2	283
761-frame018-slice007.png	761	own_masks	ukbb_masks	48601	0	80	0	182	22	13	4	250
119-frame026-slice006.png	119	own_masks	ukbb_masks	53523	0	31	0	1475	157	98	1	523
119-frame021-slice005.png	119	own_masks	ukbb_masks	53409	0	21	0	1403	191	106	0	678
98-frame013-slice004.png	98	own_masks	ukbb_masks	47410	0	107	0	1015	67	15	6	532
98-frame007-slice001.png	98	own_masks	ukbb_masks	47767	0	82	0	776	44	18	24	441
98-frame015-slice010.png	98	own_masks	ukbb_masks	49152	0	0	0	0	0	0	0	0
98-frame029-slice004.png	98	own_masks	ukbb_masks	47190	0	69	0	1305	82	39	8	459
71-frame003-slice008.png	71	own_masks	ukbb_masks	48021	0	41	0	670	46	60	27	287
1139-frame029-slice003.png	1139	own_masks	ukbb_masks	47620	0	23	0	900	236	106	0	267
98-frame027-slice009.png	98	own_masks	ukbb_masks	48886	0	0	105	44	2	113	0	2
761-frame029-slice008.png	761	own_masks	ukbb_masks	48601	0	59	1	235	51	60	20	125
761-frame024-slice006.png	761	own_masks	ukbb_masks	48136	0	30	0	538	103	82	0	263
98-frame015-slice005.png	98	own_masks	ukbb_masks	47459	0	48	0	1103	75	16	5	446
71-frame008-slice000.png	71	own_masks	ukbb_masks	49152	0	0	0	0	0	0	0	0
554-frame011-slice006.png	554	own_masks	ukbb_masks	47489	0	38	0	849	130	86	1	559
940-frame024-slice005.png	940	own_masks	ukbb_masks	48028	0	22	0	545	115	65	0	377
98-frame023-slice004.png	98	own_masks	ukbb_masks	47233	0	69	0	1246	62	21	6	515
98-frame026-slice000.png	98	own_masks	ukbb_masks	47497	0	83	0	1030	96	21	3	422
98-frame028-slice006.png	98	own_masks	ukbb_masks	47730	0	48	0	907	102	32	4	329
119-frame026-slice000.png	119	own_masks	ukbb_masks	54259	1097	452	0	0	0	0	0	0
98-frame015-slice008.png	98	own_masks	ukbb_masks	48402	0	23	0	404	48	60	8	207
98-frame016-slice008.png	98	own_masks	ukbb_masks	48379	0	54	0	417	56	35	12	199
940-frame029-slice001.png	940	own_masks	ukbb_masks	48192	539	421	0	0	0	0	0	0
98-frame011-slice008.png	98	own_masks	ukbb_masks	48576	0	39	0	154	30	47	11	295
98-frame000-slice005.png	98	own_masks	ukbb_masks	47401	0	33	0	1144	125	29	3	417
98-frame012-slice005.png	98	own_masks	ukbb_masks	47658	0	70	0	829	105	10	1	479
98-frame013-slice006.png	98	own_masks	ukbb_masks	47926	0	73	0	693	62	13	0	385
98-frame003-slice004.png	98	own_masks	ukbb_masks	47214	0	52	0	1190	90	33	12	561
71-frame023-slice006.png	71	own_masks	ukbb_masks	47681	0	19	0	972	93	58	2	327
940-frame003-slice007.png	940	own_masks	ukbb_masks	48365	0	1	0	361	43	65	4	313
98-frame018-slice009.png	98	own_masks	ukbb_masks	48887	0	30	15	119	9	32	15	45
98-frame019-slice007.png	98	own_masks	ukbb_masks	48060	0	49	0	633	50	18	26	316
447-frame008-slice000.png	447	own_masks	ukbb_masks	49152	0	0	0	0	0	0	0	0
761-frame007-slice007.png	761	own_masks	ukbb_masks	48520	0	4	0	254	30	47	2	295
71-frame018-slice010.png	71	own_masks	ukbb_masks	48720	0	65	0	207	22	23	27	88
1139-frame013-slice008.png	1139	own_masks	ukbb_masks	48871	0	13	0	40	27	72	4	125
98-frame024-slice006.png	98	own_masks	ukbb_masks	47753	0	34	0	873	86	13	10	383
940-frame003-slice004.png	940	own_masks	ukbb_masks	47913	0	10	0	542	167	84	0	436
447-frame004-slice003.png	447	own_masks	ukbb_masks	46854	0	6	0	1403	242	133	0	514
71-frame018-slice006.png	71	own_masks	ukbb_masks	47717	0	7	0	945	111	54	3	315
1139-frame029-slice000.png	1139	own_masks	ukbb_masks	49152	0	0	0	0	0	0	0	0
528-frame019-slice004.png	528	own_masks	ukbb_masks	47342	0	19	0	954	184	129	3	521
447-frame000-slice002.png	447	own_masks	ukbb_masks	46825	0	46	0	1394	334	111	0	442
98-frame000-slice004.png	98	own_masks	ukbb_masks	47227	0	73	0	1273	111	12	0	456
119-frame029-slice005.png	119	own_masks	ukbb_masks	53283	0	25	0	1618	212	92	0	578
71-frame013-slice007.png	71	own_masks	ukbb_masks	48047	0	42	0	658	63	46	22	274
98-frame002-slice007.png	98	own_masks	ukbb_masks	47932	0	50	0	683	79	66	8	334
447-frame004-slice002.png	447	own_masks	ukbb_masks	47078	0	16	0	1208	196	78	0	576
71-frame008-slice001.png	71	own_masks	ukbb_masks	49152	0	0	0	0	0	0	0	0
761-frame007-slice000.png	761	own_masks	ukbb_masks	49152	0	0	0	0	0	0	0	0
98-frame008-slice004.png	98	own_masks	ukbb_masks	47487	0	61	0	836	43	13	11	701
447-frame012-slice003.png	447	own_masks	ukbb_masks	47325	0	47	0	835	174	71	0	700
940-frame007-slice002.png	940	own_masks	ukbb_masks	48264	8	10	0	286	79	47	54	404
528-frame019-slice007.png	528	own_masks	ukbb_masks	48041	0	29	0	571	61	26	0	424
119-frame029-slice007.png	119	own_masks	ukbb_masks	53800	0	24	0	1282	198	110	0	394
98-frame014-slice003.png	98	own_masks	ukbb_masks	47171	0	96	0	1203	58	17	4	603
1139-frame004-slice001.png	1139	own_masks	ukbb_masks	48185	0	14	43	526	37	158	17	172
98-frame015-slice003.png	98	own_masks	ukbb_masks	47093	0	111	0	1286	53	13	10	586
119-frame016-slice006.png	119	own_masks	ukbb_masks	53671	0	24	0	1279	191	42	0	601
71-frame023-slice004.png	71	own_masks	ukbb_masks	47338	0	4	0	1152	116	87	1	454
761-frame024-slice002.png	761	own_masks	ukbb_masks	47638	0	3	0	770	177	60	0	504
98-frame024-slice009.png	98	own_masks	ukbb_masks	48896	0	0	136	0	0	120	0	0
98-frame007-slice006.png	98	own_masks	ukbb_masks	47919	0	60	0	623	61	11	0	478
71-frame018-slice003.png	71	own_masks	ukbb_masks	47297	0	17	0	1175	106	76	4	477
98-frame008-slice009.png	98	own_masks	ukbb_masks	49021	0	0	41	0	0	90	0	0
98-frame012-slice001.png	98	own_masks	ukbb_masks	47676	0	65	0	794	135	18	11	453
98-frame009-slice007.png	98	own_masks	ukbb_masks	48259	0	51	0	347	40	14	17	424
98-frame029-slice003.png	98	own_masks	ukbb_masks	46942	0	28	0	1422	79	73	15	593
98-frame018-slice004.png	98	own_masks	ukbb_masks	47231	0	105	0	1231	58	24	18	485
98-frame003-slice007.png	98	own_masks	ukbb_masks	47979	0	17	0	650	71	51	4	380
98-frame007-slice000.png	98	own_masks	ukbb_masks	49152	0	0	0	0	0	0	0	0
119-frame029-slice006.png	119	own_masks	ukbb_masks	53483	0	30	0	1484	247	104	0	460
71-frame013-slice000.png	71	own_masks	ukbb_masks	49152	0	0	0	0	0	0	0	0
98-frame002-slice006.png	98	own_masks	ukbb_masks	47649	0	40	0	896	72	46	12	437
1139-frame021-slice006.png	1139	own_masks	ukbb_masks	48360	0	42	0	357	66	36	0	291
71-frame003-slice004.png	71	own_masks	ukbb_masks	47443	0	9	0	970	134	114	12	470
98-frame005-slice006.png	98	own_masks	ukbb_masks	47829	0	58	0	724	75	14	5	447
119-frame029-slice000.png	119	own_masks	ukbb_masks	54385	986	437	0	0	0	0	0	0
940-frame012-slice005.png	940	own_masks	ukbb_masks	48166	0	43	0	235	30	70	0	608
119-frame016-slice001.png	119	own_masks	ukbb_masks	53077	600	59	9	1332	166	90	0	475
98-frame009-slice006.png	98	own_masks	ukbb_masks	47960	0	62	0	551	69	15	1	494
447-frame020-slice001.png	447	own_masks	ukbb_masks	49152	0	0	0	0	0	0	0	0
1139-frame021-slice005.png	1139	own_masks	ukbb_masks	48080	0	33	0	545	106	25	0	363
98-frame029-slice008.png	98	own_masks	ukbb_masks	48358	0	45	0	442	43	20	15	229
940-frame029-slice004.png	940	own_masks	ukbb_masks	47818	0	1	0	665	147	90	0	431
447-frame020-slice008.png	447	own_masks	ukbb_masks	48755	0	19	0	190	16	24	18	130
554-frame011-slice004.png	554	own_masks	ukbb_masks	47396	0	12	0	811	162	94	0	677
761-frame018-slice005.png	761	own_masks	ukbb_masks	48048	0	28	0	461	109	27	0	479
98-frame016-slice003.png	98	own_masks	ukbb_masks	47081	0	92	0	1321	67	7	3	581
447-frame004-slice001.png	447	own_masks	ukbb_masks	49152	0	0	0	0	0	0	0	0
98-frame018-slice006.png	98	own_masks	ukbb_masks	47762	0	49	0	863	66	5	16	391
761-frame029-slice006.png	761	own_masks	ukbb_masks	48112	0	22	0	633	78	67	5	235
98-frame018-slice003.png	98	own_masks	ukbb_masks	47058	0	129	0	1326	56	5	12	566
98-frame024-slice007.png	98	own_masks	ukbb_masks	48053	0	43	0	644	46	21	14	331
528-frame024-slice010.png	528	own_masks	ukbb_masks	49152	0	0	0	0	0	0	0	0
1139-frame026-slice003.png	1139	own_masks	ukbb_masks	47679	0	35	0	806	189	87	0	356
98-frame028-slice008.png	98	own_masks	ukbb_masks	48377	0	31	0	447	56	24	1	216
98-frame010-slice001.png	98	own_masks	ukbb_masks	47855	0	69	0	755	69	0	13	391
528-frame003-slice001.png	528	own_masks	ukbb_masks	47519	0	61	0	1041	113	95	9	314
528-frame013-slice001.png	528	own_masks	ukbb_masks	49152	0	0	0	0	0	0	0	0
98-frame018-slice007.png	98	own_masks	ukbb_masks	48067	0	60	0	655	31	6	11	322
1139-frame004-slice002.png	1139	own_masks	ukbb_masks	47705	0	7	0	780	84	153	19	404
1139-frame004-slice007.png	1139	own_masks	ukbb_masks	48474	0	20	0	338	43	31	5	241
98-frame001-slice008.png	98	own_masks	ukbb_masks	48337	0	45	0	448	89	61	2	170
528-frame024-slice001.png	528	own_masks	ukbb_masks	47489	0	56	10	1026	116	83	0	372
98-frame020-slice008.png	98	own_masks	ukbb_masks	48434	0	45	0	405	18	3	18	229
98-frame027-slice007.png	98	own_masks	ukbb_masks	47997	0	29	0	651	83	64	13	315
119-frame016-slice004.png	119	own_masks	ukbb_masks	53325	0	32	0	1458	239	67	0	687
447-frame004-slice004.png	447	own_masks	ukbb_masks	46816	0	29	0	1449	173	121	3	561
119-frame021-slice002.png	119	own_masks	ukbb_masks	53266	13	6	0	1550	246	141	0	586
98-frame028-slice004.png	98	own_masks	ukbb_masks	47204	0	88	0	1302	83	12	9	454
528-frame019-slice009.png	528	own_masks	ukbb_masks	48709	0	70	0	161	9	15	17	171
940-frame029-slice005.png	940	own_masks	ukbb_masks	47936	0	5	0	675	87	61	0	388
98-frame005-slice002.png	98	own_masks	ukbb_masks	47235	0	53	0	1081	127	40	14	602
98-frame024-slice001.png	98	own_masks	ukbb_masks	47166	0	48	0	1243	167	47	3	478
554-frame011-slice002.png	554	own_masks	ukbb_masks	48188	760	204	0	0	0	0	0	0
528-frame019-slice001.png	528	own_masks	ukbb_masks	49152	0	0	0	0	0	0	0	0
528-frame029-slice004.png	528	own_masks	ukbb_masks	47060	0	16	0	1296	182	144	0	454
528-frame024-slice004.png	528	own_masks	ukbb_masks	47099	0	66	0	1234	134	160	21	438
98-frame016-slice009.png	98	own_masks	ukbb_masks	48901	0	19	20	118	6	54	4	30
98-frame017-slice004.png	98	own_masks	ukbb_masks	47283	0	101	0	1213	85	6	14	450
98-frame003-slice009.png	98	own_masks	ukbb_masks	48807	0	32	8	144	19	60	5	77
98-frame029-slice006.png	98	own_masks	ukbb_masks	47675	0	7	0	916	105	66	10	373
761-frame003-slice004.png	761	own_masks	ukbb_masks	47652	0	0	0	853	122	102	0	423
1139-frame029-slice008.png	1139	own_masks	ukbb_masks	48831	0	31	21	125	52	48	0	44
98-frame000-slice002.png	98	own_masks	ukbb_masks	46953	0	91	0	1406	106	31	0	565
447-frame012-slice008.png	447	own_masks	ukbb_masks	48772	0	31	0	136	12	5	15	181
761-frame024-slice005.png	761	own_masks	ukbb_masks	47920	0	22	0	672	91	59	4	384
1139-frame026-slice006.png	1139	own_masks	ukbb_masks	48310	0	28	0	480	65	40	2	227
98-frame001-slice004.png	98	own_masks	ukbb_masks	47198	0	48	0	1270	78	30	6	522
528-frame008-slice005.png	528	own_masks	ukbb_masks	47491	0	25	0	806	86	80	14	650
98-frame027-slice000.png	98	own_masks	ukbb_masks	47428	0	52	0	1076	125	21	2	448
119-frame029-slice008.png	119	own_masks	ukbb_masks	54234	0	1	0	941	179	110	0	343
98-frame016-slice004.png	98	own_masks	ukbb_masks	47260	0	104	0	1240	81	6	1	460
528-frame003-slice007.png	528	own_masks	ukbb_masks	47777	0	38	0	780	104	59	0	394
554-frame018-slice008.png	554	own_masks	ukbb_masks	48198	0	28	0	507	82	83	7	247
98-frame015-slice007.png	98	own_masks	ukbb_masks	48053	0	43	0	644	60	40	5	307
1139-frame029-slice002.png	1139	own_masks	ukbb_masks	47646	0	13	0	855	253	76	0	309
528-frame029-slice006.png	528	own_masks	ukbb_masks	47466	0	7	0	1084	151	82	0	362
98-frame022-slice010.png	98	own_masks	ukbb_masks	49152	0	0	0	0	0	0	0	0
98-frame002-slice008.png	98	own_masks	ukbb_masks	48304	0	23	0	445	64	50	2	264
554-frame007-slice008.png	554	own_masks	ukbb_masks	48272	0	36	0	339	60	38	12	395
940-frame007-slice007.png	940	own_masks	ukbb_masks	48508	0	45	0	220	14	18	9	338
940-frame012-slice003.png	940	own_masks	ukbb_masks	48165	0	9	0	241	99	160	0	478
1139-frame029-slice006.png	1139	own_masks	ukbb_masks	48235	0	27	0	559	128	51	0	152
554-frame011-slice007.png	554	own_masks	ukbb_masks	47807	0	17	0	649	55	51	12	561
447-frame008-slice005.png	447	own_masks	ukbb_masks	47398	0	52	0	860	221	127	0	494
98-frame006-slice002.png	98	own_masks	ukbb_masks	47322	0	29	0	985	167	56	0	593
98-frame025-slice005.png	98	own_masks	ukbb_masks	47411	0	44	0	1116	89	35	8	449
528-frame008-slice008.png	528	own_masks	ukbb_masks	48301	0	95	0	314	5	2	6	429
528-frame013-slice010.png	528	own_masks	ukbb_masks	49152	0	0	0	0	0	0	0	0
98-frame021-slice000.png	98	own_masks	ukbb_masks	47449	77	134	0	992	48	1	15	436
119-frame029-slice002.png	119	own_masks	ukbb_masks	53034	0	9	0	1794	287	168	0	516
71-frame003-slice005.png	71	own_masks	ukbb_masks	47583	0	17	0	950	100	67	0	435
98-frame014-slice007.png	98	own_masks	ukbb_masks	48090	0	29	0	597	47	55	11	323
119-frame021-slice008.png	119	own_masks	ukbb_masks	54249	0	13	0	883	155	87	0	421
98-frame022-slice003.png	98	own_masks	ukbb_masks	47038	0	78	0	1346	71	19	15	585
528-frame008-slice002.png	528	own_masks	ukbb_masks	47625	0	18	0	827	84	93	23	482
98-frame006-slice001.png	98	own_masks	ukbb_masks	47673	0	83	0	832	59	9	5	491
98-frame025-slice002.png	98	own_masks	ukbb_masks	47011	0	37	0	1369	80	26	2	627
98-frame006-slice006.png	98	own_masks	ukbb_masks	47883	0	71	0	647	47	11	14	479
554-frame029-slice008.png	554	own_masks	ukbb_masks	48125	0	66	0	631	46	34	6	244
119-frame016-slice007.png	119	own_masks	ukbb_masks	53959	0	17	0	1105	164	47	0	516
119-frame004-slice000.png	119	own_masks	ukbb_masks	54327	1027	454	0	0	0	0	0	0
761-frame029-slice002.png	761	own_masks	ukbb_masks	47360	0	0	0	1059	180	127	0	426
119-frame026-slice009.png	119	own_masks	ukbb_masks	54801	0	14	0	580	122	43	0	248
98-frame011-slice000.png	98	own_masks	ukbb_masks	49152	0	0	0	0	0	0	0	0
554-frame007-slice003.png	554	own_masks	ukbb_masks	47416	0	23	0	921	122	43	16	611
98-frame012-slice007.png	98	own_masks	ukbb_masks	48229	0	62	0	418	45	4	7	387
761-frame003-slice006.png	761	own_masks	ukbb_masks	48119	0	20	0	564	53	70	0	326
761-frame024-slice000.png	761	own_masks	ukbb_masks	49152	0	0	0	0	0	0	0	0
119-frame010-slice004.png	119	own_masks	ukbb_masks	53201	0	47	0	1529	226	126	4	675
98-frame028-slice010.png	98	own_masks	ukbb_masks	49152	0	0	0	0	0	0	0	0
98-frame023-slice006.png	98	own_masks	ukbb_masks	47767	0	71	0	872	67	7	13	355
447-frame020-slice000.png	447	own_masks	ukbb_masks	49152	0	0	0	0	0	0	0	0
761-frame024-slice009.png	761	own_masks	ukbb_masks	48816	0	42	4	79	16	82	24	89
98-frame023-slice008.png	98	own_masks	ukbb_masks	48408	0	40	0	411	38	20	14	221
98-frame024-slice003.png	98	own_masks	ukbb_masks	47027	0	83	0	1356	47	9	14	616
528-frame029-slice007.png	528	own_masks	ukbb_masks	47802	0	23	0	829	108	66	0	324
98-frame015-slice004.png	98	own_masks	ukbb_masks	47278	0	80	0	1214	51	14	9	506
98-frame003-slice006.png	98	own_masks	ukbb_masks	47695	0	60	0	884	70	4	1	438
447-frame020-slice004.png	447	own_masks	ukbb_masks	46945	0	13	0	1280	236	109	0	569
98-frame017-slice007.png	98	own_masks	ukbb_masks	48053	0	27	0	654	72	13	5	328
1139-frame008-slice005.png	1139	own_masks	ukbb_masks	47975	0	52	0	578	80	62	23	382
98-frame005-slice007.png	98	own_masks	ukbb_masks	48135	0	34	0	513	76	22	2	370
761-frame007-slice005.png	761	own_masks	ukbb_masks	48007	0	16	0	536	90	47	8	448
98-frame019-slice004.png	98	own_masks	ukbb_masks	47263	0	109	0	1237	65	4	9	465
447-frame008-slice008.png	447	own_masks	ukbb_masks	48652	0	38	0	222	17	7	7	209
528-frame029-slice010.png	528	own_masks	ukbb_masks	49152	0	0	0	0	0	0	0	0
554-frame007-slice000.png	554	own_masks	ukbb_masks	49152	0	0	0	0	0	0	0	0
98-frame003-slice000.png	98	own_masks	ukbb_masks	47722	0	27	0	919	59	68	1	356
447-frame025-slice007.png	447	own_masks	ukbb_masks	48276	0	48	0	548	57	10	12	201
528-frame029-slice008.png	528	own_masks	ukbb_masks	48130	0	93	0	579	42	23	5	280
98-frame028-slice003.png	98	own_masks	ukbb_masks	46977	0	61	0	1430	79	17	2	586
71-frame013-slice009.png	71	own_masks	ukbb_masks	48619	0	1	0	206	14	57	24	231
940-frame003-slice008.png	940	own_masks	ukbb_masks	48622	0	14	0	236	42	50	2	186
761-frame003-slice005.png	761	own_masks	ukbb_masks	47845	0	16	0	709	87	78	3	414
98-frame022-slice006.png	98	own_masks	ukbb_masks	47753	0	50	0	882	81	21	5	360
554-frame024-slice007.png	554	own_masks	ukbb_masks	47718	0	10	0	890	120	64	0	350
98-frame021-slice009.png	98	own_masks	ukbb_masks	48917	0	1	113	32	1	80	3	5
98-frame015-slice002.png	98	own_masks	ukbb_masks	47183	0	95	0	1219	108	4	0	543
98-frame009-slice000.png	98	own_masks	ukbb_masks	49152	0	0	0	0	0	0	0	0
554-frame011-slice009.png	554	own_masks	ukbb_masks	48705	0	32	0	114	14	33	2	252
761-frame029-slice005.png	761	own_masks	ukbb_masks	47861	0	43	0	806	89	46	0	307
1139-frame008-slice004.png	1139	own_masks	ukbb_masks	47818	0	26	0	548	132	124	5	499
1139-frame004-slice000.png	1139	own_masks	ukbb_masks	49152	0	0	0	0	0	0	0	0
1139-frame029-slice004.png	1139	own_masks	ukbb_masks	47732	0	52	0	916	146	50	1	255
761-frame012-slice007.png	761	own_masks	ukbb_masks	48621	0	6	0	123	12	44	13	333
528-frame008-slice003.png	528	own_masks	ukbb_masks	47474	0	14	0	830	138	67	0	629
71-frame013-slice010.png	71	own_masks	ukbb_masks	48742	0	16	0	175	17	48	34	120
554-frame018-slice002.png	554	own_masks	ukbb_masks	47005	0	2	0	1318	153	156	0	518
98-frame020-slice006.png	98	own_masks	ukbb_masks	47764	0	29	0	865	83	20	13	378
98-frame023-slice007.png	98	own_masks	ukbb_masks	48042	0	22	0	658	65	22	9	334
98-frame019-slice010.png	98	own_masks	ukbb_masks	49152	0	0	0	0	0	0	0	0
98-frame016-slice001.png	98	own_masks	ukbb_masks	47213	0	34	0	1169	178	48	5	505
447-frame004-slice006.png	447	own_masks	ukbb_masks	47547	0	7	0	909	159	121	0	409
447-frame020-slice003.png	447	own_masks	ukbb_masks	47028	0	11	0	1177	251	100	0	585
98-frame013-slice008.png	98	own_masks	ukbb_masks	48472	0	31	0	329	39	40	13	228
98-frame002-slice002.png	98	own_masks	ukbb_masks	46958	0	62	0	1409	127	35	1	560
554-frame003-slice009.png	554	own_masks	ukbb_masks	48568	0	23	0	262	55	48	0	196
71-frame029-slice008.png	71	own_masks	ukbb_masks	48007	0	36	0	744	50	55	13	247
1139-frame013-slice002.png	1139	own_masks	ukbb_masks	48358	106	3	0	369	98	29	15	174
98-frame015-slice009.png	98	own_masks	ukbb_masks	48899	0	10	33	115	2	54	5	34
98-frame011-slice007.png	98	own_masks	ukbb_masks	48239	0	69	0	349	27	9	24	435
447-frame004-slice008.png	447	own_masks	ukbb_masks	48478	0	34	0	329	28	46	30	207
98-frame007-slice004.png	98	own_masks	ukbb_masks	47436	0	66	0	893	87	13	0	657
98-frame020-slice002.png	98	own_masks	ukbb_masks	46987	0	32	0	1360	108	34	4	627
119-frame026-slice008.png	119	own_masks	ukbb_masks	54255	0	11	0	935	180	63	0	364
98-frame001-slice009.png	98	own_masks	ukbb_masks	48887	0	1	104	49	2	102	1	6
98-frame017-slice008.png	98	own_masks	ukbb_masks	48397	0	48	0	416	42	29	10	210
761-frame007-slice001.png	761	own_masks	ukbb_masks	48459	560	133	0	0	0	0	0	0
71-frame003-slice007.png	71	own_masks	ukbb_masks	47892	0	43	0	748	63	43	25	338
98-frame004-slice002.png	98	own_masks	ukbb_masks	47143	0	36	0	1211	96	31	5	630
71-frame003-slice003.png	71	own_masks	ukbb_masks	47432	0	9	0	997	142	90	1	481
554-frame011-slice008.png	554	own_masks	ukbb_masks	48256	0	39	0	375	33	46	5	398
71-frame029-slice002.png	71	own_masks	ukbb_masks	47159	0	1	0	1269	155	130	0	438
98-frame026-slice008.png	98	own_masks	ukbb_masks	48381	0	18	0	427	57	39	5	225
554-frame029-slice002.png	554	own_masks	ukbb_masks	46750	0	9	0	1562	184	139	0	508
98-frame007-slice009.png	98	own_masks	ukbb_masks	49007	0	0	63	0	0	82	0	0
98-frame025-slice009.png	98	own_masks	ukbb_masks	48909	0	0	69	65	5	89	4	11
119-frame010-slice009.png	119	own_masks	ukbb_masks	54775	0	14	0	534	78	42	3	362
98-frame021-slice002.png	98	own_masks	ukbb_masks	47004	0	69	0	1366	132	17	1	563
98-frame014-slice010.png	98	own_masks	ukbb_masks	49152	0	0	0	0	0	0	0	0
1139-frame008-slice008.png	1139	own_masks	ukbb_masks	48832	0	23	0	67	17	36	22	155
1139-frame004-slice008.png	1139	own_masks	ukbb_masks	48776	0	34	0	134	27	46	12	123
1139-frame021-slice001.png	1139	own_masks	ukbb_masks	48326	0	47	27	416	58	83	2	193
98-frame010-slice004.png	98	own_masks	ukbb_masks	47485	0	56	0	840	110	15	5	641
554-frame018-slice005.png	554	own_masks	ukbb_masks	47039	0	13	0	1314	181	168	0	437
119-frame004-slice010.png	119	own_masks	ukbb_masks	55227	0	0	0	200	57	156	0	168
98-frame014-slice000.png	98	own_masks	ukbb_masks	47777	0	23	213	621	61	213	5	239
98-frame019-slice001.png	98	own_masks	ukbb_masks	47183	0	62	0	1241	106	36	3	521
98-frame014-slice005.png	98	own_masks	ukbb_masks	47509	0	59	0	1055	84	10	10	425
940-frame018-slice003.png	940	own_masks	ukbb_masks	48130	0	24	0	284	178	153	0	383
98-frame006-slice004.png	98	own_masks	ukbb_masks	47404	0	111	0	954	89	11	5	578
940-frame024-slice006.png	940	own_masks	ukbb_masks	48122	0	10	0	527	75	64	0	354
940-frame012-slice001.png	940	own_masks	ukbb_masks	49152	0	0	0	0	0	0	0	0
98-frame001-slice003.png	98	own_masks	ukbb_masks	47019	0	88	0	1382	61	27	2	573
761-frame024-slice007.png	761	own_masks	ukbb_masks	48444	0	46	0	379	53	38	1	191
554-frame011-slice005.png	554	own_masks	ukbb_masks	47375	0	21	0	937	130	92	1	596
940-frame003-slice006.png	940	own_masks	ukbb_masks	48156	0	6	0	494	68	65	4	359
98-frame029-slice000.png	98	own_masks	ukbb_masks	47360	0	44	0	1081	80	64	7	516
528-frame003-slice010.png	528	own_masks	ukbb_masks	49152	0	0	0	0	0	0	0	0
447-frame020-slice002.png	447	own_masks	ukbb_masks	47019	0	17	0	1090	221	127	0	678
71-frame029-slice006.png	71	own_masks	ukbb_masks	47624	0	22	0	1022	108	86	1	289
119-frame010-slice010.png	119	own_masks	ukbb_masks	55308	0	23	0	157	28	33	9	250
761-frame007-slice009.png	761	own_masks	ukbb_masks	48801	0	20	5	32	1	223	36	34
71-frame023-slice010.png	71	own_masks	ukbb_masks	48729	0	25	0	204	23	40	15	116
940-frame012-slice004.png	940	own_masks	ukbb_masks	48086	0	3	0	284	91	75	0	613
119-frame029-slice001.png	119	own_masks	ukbb_masks	53293	0	18	5	1609	228	135	0	520
119-frame016-slice000.png	119	own_masks	ukbb_masks	54849	680	279	0	0	0	0	0	0
98-frame000-slice003.png	98	own_masks	ukbb_masks	47016	0	90	0	1393	58	13	5	577
1139-frame004-slice004.png	1139	own_masks	ukbb_masks	47698	0	14	0	797	94	102	3	444
528-frame019-slice002.png	528	own_masks	ukbb_masks	47562	0	13	2	872	199	93	0	411
98-frame005-slice008.png	98	own_masks	ukbb_masks	48464	0	58	0	302	56	31	5	236
98-frame009-slice003.png	98	own_masks	ukbb_masks	47407	0	34	0	889	147	42	0	633
761-frame018-slice003.png	761	own_masks	ukbb_masks	47765	0	23	0	599	104	88	0	573
71-frame013-slice003.png	71	own_masks	ukbb_masks	47355	0	1	0	1043	139	152	0	462
761-frame029-slice003.png	761	own_masks	ukbb_masks	47437	0	16	0	1027	137	108	0	427
98-frame007-slice008.png	98	own_masks	ukbb_masks	48505	0	46	0	221	54	50	11	265
98-frame023-slice000.png	98	own_masks	ukbb_masks	47425	33	88	0	1009	70	23	13	491
940-frame024-slice008.png	940	own_masks	ukbb_masks	48627	0	32	0	229	35	18	1	210
528-frame003-slice008.png	528	own_masks	ukbb_masks	48147	0	86	0	525	63	18	7	306
71-frame023-slice003.png	71	own_masks	ukbb_masks	47255	0	23	0	1178	132	117	5	442
98-frame025-slice003.png	98	own_masks	ukbb_masks	47026	0	68	0	1363	59	12	5	619
71-frame008-slice009.png	71	own_masks	ukbb_masks	48727	0	24	0	161	24	11	0	205
119-frame021-slice001.png	119	own_masks	ukbb_masks	53624	66	71	12	1329	133	102	5	466
447-frame004-slice005.png	447	own_masks	ukbb_masks	47215	0	37	2	1141	181	139	2	435
554-frame003-slice003.png	554	own_masks	ukbb_masks	46883	0	5	0	1368	150	178	2	566
71-frame013-slice004.png	71	own_masks	ukbb_masks	47344	0	23	0	1090	140	151	0	404
98-frame026-slice009.png	98	own_masks	ukbb_masks	48895	0	0	108	24	0	117	2	6
761-frame007-slice008.png	761	own_masks	ukbb_masks	48822	0	7	0	109	15	58	5	136
119-frame004-slice001.png	119	own_masks	ukbb_masks	53407	1	55	0	1565	166	98	6	510
98-frame010-slice005.png	98	own_masks	ukbb_masks	47681	0	91	0	743	48	3	14	572
98-frame020-slice009.png	98	own_masks	ukbb_masks	48911	0	15	20	112	2	35	11	46
71-frame008-slice004.png	71	own_masks	ukbb_masks	47762	0	16	0	593	104	79	0	598
119-frame026-slice001.png	119	own_masks	ukbb_masks	53326	0	5	1	1574	272	135	0	495
940-frame007-slice003.png	940	own_masks	ukbb_masks	48068	0	6	0	282	124	193	5	474
98-frame024-slice005.png	98	own_masks	ukbb_masks	47441	0	46	0	1108	77	22	12	446
761-frame012-slice005.png	761	own_masks	ukbb_masks	48104	0	15	0	344	64	55	5	565
554-frame018-slice006.png	554	own_masks	ukbb_masks	47238	0	0	0	1151	185	225	1	352
447-frame000-slice004.png	447	own_masks	ukbb_masks	46717	0	14	0	1582	171	115	0	553
98-frame009-slice002.png	98	own_masks	ukbb_masks	47560	0	63	0	746	108	9	8	658
119-frame010-slice002.png	119	own_masks	ukbb_masks	53243	0	2	0	1580	222	159	0	602
1139-frame013-slice007.png	1139	own_masks	ukbb_masks	48589	0	18	0	165	73	14	1	292
98-frame016-slice000.png	98	own_masks	ukbb_masks	47540	13	82	0	956	63	23	2	473
98-frame023-slice009.png	98	own_masks	ukbb_masks	48866	0	0	138	17	0	128	0	3
98-frame002-slice010.png	98	own_masks	ukbb_masks	49152	0	0	0	0	0	0	0	0
71-frame003-slice010.png	71	own_masks	ukbb_masks	48785	0	28	0	156	16	31	26	110
98-frame025-slice000.png	98	own_masks	ukbb_masks	47501	0	99	0	1012	69	17	9	445
98-frame023-slice001.png	98	own_masks	ukbb_masks	47156	0	26	0	1236	143	50	0	541
71-frame008-slice006.png	71	own_masks	ukbb_masks	48006	0	32	0	509	62	42	9	492
98-frame010-slice008.png	98	own_masks	ukbb_masks	48590	0	53	0	146	25	21	17	300
98-frame010-slice009.png	98	own_masks	ukbb_masks	49046	0	0	45	0	0	61	0	0
447-frame000-slice008.png	447	own_masks	ukbb_masks	48637	0	12	0	300	28	33	9	133
98-frame013-slice009.png	98	own_masks	ukbb_masks	48970	0	0	86	0	0	96	0	0
940-frame003-slice005.png	940	own_masks	ukbb_masks	47997	0	34	0	555	87	102	5	372
98-frame008-slice003.png	98	own_masks	ukbb_masks	47400	0	68	0	922	101	23	4	634
528-frame024-slice009.png	528	own_masks	ukbb_masks	48628	0	24	0	263	25	43	9	160
98-frame014-slice002.png	98	own_masks	ukbb_masks	47233	0	54	0	1161	124	30	0	550
98-frame013-slice001.png	98	own_masks	ukbb_masks	47448	0	66	0	904	113	32	6	583
98-frame019-slice005.png	98	own_masks	ukbb_masks	47482	0	48	0	1095	74	4	10	439
98-frame003-slice001.png	98	own_masks	ukbb_masks	47362	0	69	0	1067	115	17	5	517
98-frame028-slice001.png	98	own_masks	ukbb_masks	47037	0	48	5	1335	71	69	5	582
98-frame012-slice010.png	98	own_masks	ukbb_masks	49152	0	0	0	0	0	0	0	0
940-frame024-slice009.png	940	own_masks	ukbb_masks	48806	0	5	0	80	46	63	0	152
98-frame014-slice004.png	98	own_masks	ukbb_masks	47341	0	49	0	1137	73	15	4	533
98-frame029-slice010.png	98	own_masks	ukbb_masks	49152	0	0	0	0	0	0	0	0
98-frame003-slice005.png	98	own_masks	ukbb_masks	47408	0	49	0	1098	100	12	5	480
554-frame007-slice002.png	554	own_masks	ukbb_masks	47730	65	43	0	774	101	64	41	334
940-frame007-slice001.png	940	own_masks	ukbb_masks	49152	0	0	0	0	0	0	0	0
447-frame008-slice007.png	447	own_masks	ukbb_masks	48162	0	31	0	435	73	11	2	438
98-frame011-slice003.png	98	own_masks	ukbb_masks	47356	0	70	0	969	138	25	3	591
98-frame007-slice010.png	98	own_masks	ukbb_masks	49152	0	0	0	0	0	0	0	0
98-frame012-slice006.png	98	own_masks	ukbb_masks	47978	0	96	0	597	51	0	21	409
940-frame018-slice001.png	940	own_masks	ukbb_masks	49152	0	0	0	0	0	0	0	0
761-frame018-slice000.png	761	own_masks	ukbb_masks	49152	0	0	0	0	0	0	0	0
71-frame023-slice001.png	71	own_masks	ukbb_masks	47658	94	4	0	908	77	102	54	255
98-frame008-slice005.png	98	own_masks	ukbb_masks	47675	0	61	0	736	97	11	9	563
1139-frame021-slice007.png	1139	own_masks	ukbb_masks	48562	0	26	0	262	58	43	0	201
528-frame008-slice004.png	528	own_masks	ukbb_masks	47405	0	79	0	866	147	65	0	590
98-frame022-slice001.png	98	own_masks	ukbb_masks	47176	0	82	0	1242	133	25	3	491
1139-frame026-slice004.png	1139	own_masks	ukbb_masks	47747	0	22	0	839	147	80	0	317
1139-frame013-slice003.png	1139	own_masks	ukbb_masks	47977	0	29	0	426	227	69	0	424
554-frame024-slice001.png	554	own_masks	ukbb_masks	48287	627	238	0	0	0	0	0	0
98-frame011-slice002.png	98	own_masks	ukbb_masks	47543	0	118	0	793	72	15	0	611
528-frame008-slice001.png	528	own_masks	ukbb_masks	49152	0	0	0	0	0	0	0	0
98-frame028-slice005.png	98	own_masks	ukbb_masks	47405	0	92	0	1155	60	13	18	409
98-frame017-slice010.png	98	own_masks	ukbb_masks	49152	0	0	0	0	0	0	0	0
940-frame024-slice003.png	940	own_masks	ukbb_masks	47978	0	7	0	405	241	122	0	399
528-frame024-slice000.png	528	own_masks	ukbb_masks	49152	0	0	0	0	0	0	0	0
554-frame029-slice001.png	554	own_masks	ukbb_masks	47082	0	33	10	1374	152	164	0	337
528-frame008-slice009.png	528	own_masks	ukbb_masks	48638	0	78	0	151	22	39	34	190
98-frame008-slice000.png	98	own_masks	ukbb_masks	49152	0	0	0	0	0	0	0	0
761-frame012-slice003.png	761	own_masks	ukbb_masks	47867	0	15	0	454	118	86	1	611
554-frame003-slice005.png	554	own_masks	ukbb_masks	47073	0	32	0	1294	154	137	8	454
98-frame002-slice000.png	98	own_masks	ukbb_masks	47348	190	44	0	1016	68	54	12	420
940-frame003-slice009.png	940	own_masks	ukbb_masks	48841	0	3	0	81	45	50	0	132
98-frame013-slice002.png	98	own_masks	ukbb_masks	47365	0	78	0	1076	124	19	0	490
447-frame020-slice005.png	447	own_masks	ukbb_masks	47516	0	68	0	818	235	90	0	425
119-frame004-slice009.png	119	own_masks	ukbb_masks	54711	0	12	0	591	74	81	9	330
940-frame024-slice001.png	940	own_masks	ukbb_masks	49152	0	0	0	0	0	0	0	0
98-frame005-slice005.png	98	own_masks	ukbb_masks	47550	0	47	0	925	119	21	0	490
98-frame008-slice008.png	98	own_masks	ukbb_masks	48547	0	55	0	205	23	34	11	277
98-frame020-slice007.png	98	own_masks	ukbb_masks	48055	0	25	0	644	54	22	6	346
528-frame013-slice009.png	528	own_masks	ukbb_masks	48737	0	91	0	92	10	23	21	178
1139-frame021-slice000.png	1139	own_masks	ukbb_masks	49152	0	0	0	0	0	0	0	0
940-frame029-slice000.png	940	own_masks	ukbb_masks	49152	0	0	0	0	0	0	0	0
98-frame021-slice005.png	98	own_masks	ukbb_masks	47433	0	37	0	1095	98	41	10	438
1139-frame008-slice002.png	1139	own_masks	ukbb_masks	48052	98	79	0	497	44	19	32	331
940-frame003-slice002.png	940	own_masks	ukbb_masks	47970	0	7	0	512	99	110	2	452
761-frame018-slice004.png	761	own_masks	ukbb_masks	47868	0	44	0	539	104	47	0	550
1139-frame013-slice000.png	1139	own_masks	ukbb_masks	49152	0	0	0	0	0	0	0	0
71-frame023-slice005.png	71	own_masks	ukbb_masks	47456	0	24	0	1091	153	101	4	323
119-frame026-slice002.png	119	own_masks	ukbb_masks	52984	0	1	0	1780	314	205	0	524
71-frame008-slice005.png	71	own_masks	ukbb_masks	47817	0	27	0	570	115	93	1	529
98-frame014-slice008.png	98	own_masks	ukbb_masks	48410	0	17	0	392	45	58	10	220
98-frame022-slice005.png	98	own_masks	ukbb_masks	47447	0	62	0	1105	88	9	9	432
98-frame026-slice003.png	98	own_masks	ukbb_masks	47045	0	58	0	1362	94	16	1	576
1139-frame021-slice008.png	1139	own_masks	ukbb_masks	48903	2	31	0	77	27	45	6	61
1139-frame013-slice006.png	1139	own_masks	ukbb_masks	48330	0	31	0	277	140	38	0	336
528-frame029-slice000.png	528	own_masks	ukbb_masks	48826	208	118	0	0	0	0	0	0
940-frame012-slice007.png	940	own_masks	ukbb_masks	48532	0	11	0	132	46	43	10	378
98-frame017-slice005.png	98	own_masks	ukbb_masks	47471	0	65	0	1097	82	10	7	420
447-frame000-slice000.png	447	own_masks	ukbb_masks	48866	194	92	0	0	0	0	0	0
1139-frame004-slice003.png	1139	own_masks	ukbb_masks	47676	0	3	0	777	143	100	3	450
447-frame012-slice007.png	447	own_masks	ukbb_masks	48323	0	7	0	273	58	35	0	456
71-frame023-slice009.png	71	own_masks	ukbb_masks	48399	0	8	0	452	35	64	6	188
98-frame000-slice009.png	98	own_masks	ukbb_masks	48851	0	0	185	0	0	116	0	0
98-frame001-slice001.png	98	own_masks	ukbb_masks	47086	0	22	0	1299	106	53	10	576
98-frame009-slice005.png	98	own_masks	ukbb_masks	47687	0	75	0	724	84	9	9	564
98-frame023-slice005.png	98	own_masks	ukbb_masks	47458	0	73	0	1109	65	4	6	437
98-frame025-slice004.png	98	own_masks	ukbb_masks	47243	0	101	0	1242	67	18	10	471
98-frame017-slice002.png	98	own_masks	ukbb_masks	47133	0	77	0	1313	81	18	14	516
528-frame013-slice005.png	528	own_masks	ukbb_masks	47625	0	16	0	689	134	81	1	606
98-frame002-slice005.png	98	own_masks	ukbb_masks	47356	0	37	0	1139	94	43	3	480
761-frame003-slice000.png	761	own_masks	ukbb_masks	49152	0	0	0	0	0	0	0	0
98-frame010-slice006.png	98	own_masks	ukbb_masks	47965	0	69	0	535	50	13	10	510
940-frame018-slice005.png	940	own_masks	ukbb_masks	48132	0	0	0	286	127	78	1	528
98-frame000-slice001.png	98	own_masks	ukbb_masks	47086	0	48	0	1323	98	34	5	558
98-frame008-slice002.png	98	own_masks	ukbb_masks	47487	0	49	0	779	90	46	14	687
119-frame026-slice007.png	119	own_masks	ukbb_masks	53843	0	18	0	1255	179	93	0	420
447-frame025-slice006.png	447	own_masks	ukbb_masks	47886	0	51	0	793	107	35	14	266
98-frame001-slice007.png	98	own_masks	ukbb_masks	47996	0	13	0	680	93	58	1	311
1139-frame004-slice006.png	1139	own_masks	ukbb_masks	48233	0	29	0	498	42	40	11	299
528-frame003-slice006.png	528	own_masks	ukbb_masks	47486	0	8	0	1022	151	64	0	421
71-frame003-slice001.png	71	own_masks	ukbb_masks	48146	47	3	14	632	44	98	17	151
528-frame019-slice008.png	528	own_masks	ukbb_masks	48313	0	77	0	453	32	10	6	261
98-frame029-slice002.png	98	own_masks	ukbb_masks	46915	0	42	0	1436	113	64	6	576
98-frame009-slice010.png	98	own_masks	ukbb_masks	49152	0	0	0	0	0	0	0	0
98-frame009-slice004.png	98	own_masks	ukbb_masks	47492	0	54	0	814	71	27	8	686
528-frame003-slice005.png	528	own_masks	ukbb_masks	47301	0	24	0	1112	129	85	1	500
1139-frame026-slice007.png	1139	own_masks	ukbb_masks	48523	0	40	0	324	56	25	0	184
528-frame029-slice003.png	528	own_masks	ukbb_masks	47045	0	16	0	1307	170	122	0	492
98-frame018-slice002.png	98	own_masks	ukbb_masks	47071	0	85	0	1322	78	21	13	562
528-frame029-slice005.png	528	own_masks	ukbb_masks	47285	0	24	0	1193	155	143	0	352
447-frame012-slice005.png	447	own_masks	ukbb_masks	47554	0	33	0	654	213	72	0	626
98-frame026-slice005.png	98	own_masks	ukbb_masks	47424	0	55	0	1113	75	16	9	460
