image	set	methodA	methodB	bg_bg	bg_lv	bg_my	lv_bg	lv_lv	lv_my	my_bg	my_lv	my_my
26_slice002_frame017	test	scaled_masks_TR	doubleTransferLearn	64381	0	74	0	689	15	15	36	326
28_slice008_frame016	test	scaled_masks_TR	doubleTransferLearn	63300	0	72	0	1426	0	25	92	621
27_slice001_frame016	test	scaled_masks_TR	doubleTransferLearn	64557	0	5	0	504	78	106	10	276
26_slice006_frame016	test	scaled_masks_TR	doubleTransferLearn	63400	0	28	0	1407	16	26	36	623
28_slice001_frame008	test	scaled_masks_TR	doubleTransferLearn	64827	0	67	0	135	0	22	74	411
28_slice005_frame001	test	scaled_masks_TR	doubleTransferLearn	63649	0	19	0	1192	42	85	21	528
27_slice001_frame002	test	scaled_masks_TR	doubleTransferLearn	64729	0	85	0	348	53	61	17	243
26_slice006_frame005	test	scaled_masks_TR	doubleTransferLearn	63500	0	45	0	1164	12	40	32	743
27_slice002_frame009	test	scaled_masks_TR	doubleTransferLearn	64567	0	2	0	501	78	101	0	287
27_slice010_frame018	test	scaled_masks_TR	doubleTransferLearn	63176	0	39	0	1543	14	43	42	679
27_slice007_frame005	test	scaled_masks_TR	doubleTransferLearn	63716	0	36	0	919	85	40	13	727
26_slice011_frame002	test	scaled_masks_TR	doubleTransferLearn	62875	0	40	0	1604	21	117	50	829
26_slice011_frame011	test	scaled_masks_TR	doubleTransferLearn	63444	0	59	0	883	1	75	97	977
26_slice004_frame008	test	scaled_masks_TR	doubleTransferLearn	64183	0	89	0	567	9	9	46	633
28_slice008_frame017	test	scaled_masks_TR	doubleTransferLearn	63213	0	16	0	1492	10	87	41	677
27_slice011_frame001	test	scaled_masks_TR	doubleTransferLearn	63432	0	3	28	913	385	483	6	286
28_slice012_frame016	test	scaled_masks_TR	doubleTransferLearn	63582	0	24	0	1227	57	43	12	591
28_slice008_frame013	test	scaled_masks_TR	doubleTransferLearn	63284	0	67	0	1450	16	60	65	594
28_slice014_frame001	test	scaled_masks_TR	doubleTransferLearn	65536	0	0	0	0	0	0	0	0
26_slice011_frame005	test	scaled_masks_TR	doubleTransferLearn	63258	0	16	0	1217	30	57	55	903
28_slice004_frame019	test	scaled_masks_TR	doubleTransferLearn	63849	0	41	0	1023	33	97	36	457
28_slice011_frame003	test	scaled_masks_TR	doubleTransferLearn	63808	0	135	0	941	64	27	32	529
28_slice006_frame003	test	scaled_masks_TR	doubleTransferLearn	63538	0	33	0	1216	99	41	5	604
28_slice014_frame009	test	scaled_masks_TR	doubleTransferLearn	65536	0	0	0	0	0	0	0	0
28_slice004_frame005	test	scaled_masks_TR	doubleTransferLearn	64140	0	100	0	667	48	1	6	574
26_slice012_frame005	test	scaled_masks_TR	doubleTransferLearn	63282	0	75	0	1278	48	95	13	745
27_slice005_frame002	test	scaled_masks_TR	doubleTransferLearn	63789	0	13	0	1065	24	36	27	582
26_slice002_frame002	test	scaled_masks_TR	doubleTransferLearn	64320	0	70	0	731	5	6	37	367
26_slice009_frame009	test	scaled_masks_TR	doubleTransferLearn	63511	0	211	0	894	2	1	80	837
28_slice004_frame004	test	scaled_masks_TR	doubleTransferLearn	64075	0	106	0	700	7	6	47	595
28_slice001_frame001	test	scaled_masks_TR	doubleTransferLearn	64600	0	6	0	422	35	111	16	346
26_slice010_frame006	test	scaled_masks_TR	doubleTransferLearn	63287	0	32	0	1134	21	60	56	946
26_slice014_frame009	test	scaled_masks_TR	doubleTransferLearn	65536	0	0	0	0	0	0	0	0
27_slice001_frame007	test	scaled_masks_TR	doubleTransferLearn	64784	0	41	0	212	73	35	0	391
27_slice008_frame006	test	scaled_masks_TR	doubleTransferLearn	63742	0	28	0	895	3	47	38	783
28_slice010_frame016	test	scaled_masks_TR	doubleTransferLearn	63231	0	25	0	1457	14	88	32	689
26_slice001_frame023	test	scaled_masks_TR	doubleTransferLearn	64635	0	92	0	472	0	15	60	262
27_slice004_frame012	test	scaled_masks_TR	doubleTransferLearn	63924	0	0	0	970	39	162	12	429
26_slice002_frame013	test	scaled_masks_TR	doubleTransferLearn	64584	0	51	0	473	4	9	46	369
28_slice013_frame016	test	scaled_masks_TR	doubleTransferLearn	63931	0	0	1046	0	0	559	0	0
26_slice004_frame011	test	scaled_masks_TR	doubleTransferLearn	64181	0	60	0	672	50	39	5	529
26_slice011_frame021	test	scaled_masks_TR	doubleTransferLearn	62847	0	32	0	1669	80	108	13	787
26_slice011_frame008	test	scaled_masks_TR	doubleTransferLearn	63511	0	69	0	883	16	14	152	891
26_slice009_frame014	test	scaled_masks_TR	doubleTransferLearn	63145	0	112	0	1381	7	57	96	738
26_slice005_frame022	test	scaled_masks_TR	doubleTransferLearn	63434	0	30	0	1381	20	33	66	572
27_slice012_frame018	test	scaled_masks_TR	doubleTransferLearn	63329	0	26	0	1346	122	170	18	525
26_slice005_frame013	test	scaled_masks_TR	doubleTransferLearn	63708	0	30	0	1042	3	34	48	671
27_slice001_frame011	test	scaled_masks_TR	doubleTransferLearn	64659	0	4	0	476	25	58	17	297
28_slice002_frame007	test	scaled_masks_TR	doubleTransferLearn	64655	0	90	0	219	6	54	73	439
27_slice012_frame004	test	scaled_masks_TR	doubleTransferLearn	65536	0	0	0	0	0	0	0	0
26_slice006_frame010	test	scaled_masks_TR	doubleTransferLearn	63670	0	111	0	860	1	11	76	807
27_slice004_frame000	test	scaled_masks_TR	doubleTransferLearn	63966	0	46	0	1009	41	34	24	416
28_slice006_frame009	test	scaled_masks_TR	doubleTransferLearn	63823	0	4	0	836	14	105	42	712
26_slice003_frame004	test	scaled_masks_TR	doubleTransferLearn	64126	0	178	0	737	0	20	84	391
27_slice006_frame011	test	scaled_masks_TR	doubleTransferLearn	63512	0	36	0	1282	41	117	25	523
26_slice006_frame002	test	scaled_masks_TR	doubleTransferLearn	63232	0	15	0	1481	30	65	27	686
27_slice003_frame011	test	scaled_masks_TR	doubleTransferLearn	64322	0	15	0	697	47	91	17	347
27_slice001_frame008	test	scaled_masks_TR	doubleTransferLearn	64819	0	58	0	256	44	50	31	278
26_slice007_frame007	test	scaled_masks_TR	doubleTransferLearn	63546	0	119	0	1032	27	1	16	795
26_slice014_frame023	test	scaled_masks_TR	doubleTransferLearn	65501	0	35	0	0	0	0	0	0
26_slice000_frame001	test	scaled_masks_TR	doubleTransferLearn	65432	53	51	0	0	0	0	0	0
26_slice009_frame015	test	scaled_masks_TR	doubleTransferLearn	63087	0	56	0	1537	23	25	70	738
28_slice008_frame006	test	scaled_masks_TR	doubleTransferLearn	63740	0	34	0	887	2	67	56	750
27_slice006_frame002	test	scaled_masks_TR	doubleTransferLearn	63560	0	33	1	1156	160	135	8	483
28_slice011_frame016	test	scaled_masks_TR	doubleTransferLearn	63362	0	3	0	1370	34	78	29	660
27_slice008_frame003	test	scaled_masks_TR	doubleTransferLearn	63411	0	15	0	1308	73	60	23	646
28_slice008_frame008	test	scaled_masks_TR	doubleTransferLearn	63765	0	9	0	906	1	64	40	751
26_slice001_frame017	test	scaled_masks_TR	doubleTransferLearn	64647	0	44	0	475	4	17	47	302
26_slice003_frame011	test	scaled_masks_TR	doubleTransferLearn	64348	0	110	0	413	0	13	55	597
28_slice004_frame001	test	scaled_masks_TR	doubleTransferLearn	63908	0	24	0	964	41	98	11	490
28_slice004_frame007	test	scaled_masks_TR	doubleTransferLearn	64226	0	127	0	517	14	2	71	579
27_slice004_frame013	test	scaled_masks_TR	doubleTransferLearn	64028	0	22	0	974	24	56	13	419
26_slice002_frame012	test	scaled_masks_TR	doubleTransferLearn	64573	0	86	0	306	1	3	104	463
26_slice009_frame022	test	scaled_masks_TR	doubleTransferLearn	62857	0	149	0	1681	34	53	65	697
26_slice006_frame013	test	scaled_masks_TR	doubleTransferLearn	63537	0	54	0	1100	13	34	53	745
27_slice003_frame009	test	scaled_masks_TR	doubleTransferLearn	64427	0	1	0	516	69	109	2	412
28_slice010_frame008	test	scaled_masks_TR	doubleTransferLearn	63965	0	72	0	742	7	19	47	684
28_slice011_frame006	test	scaled_masks_TR	doubleTransferLearn	64105	0	36	0	774	89	134	26	372
26_slice010_frame004	test	scaled_masks_TR	doubleTransferLearn	62990	0	18	0	1426	37	173	10	882
28_slice001_frame007	test	scaled_masks_TR	doubleTransferLearn	64900	0	112	0	160	4	0	63	297
27_slice013_frame011	test	scaled_masks_TR	doubleTransferLearn	64015	1036	485	0	0	0	0	0	0
26_slice007_frame019	test	scaled_masks_TR	doubleTransferLearn	63096	0	41	0	1564	8	53	55	719
28_slice008_frame015	test	scaled_masks_TR	doubleTransferLearn	63320	0	100	0	1429	8	14	85	580
26_slice012_frame018	test	scaled_masks_TR	doubleTransferLearn	62901	0	27	0	1590	102	92	20	804
28_slice005_frame011	test	scaled_masks_TR	doubleTransferLearn	63833	0	8	0	1051	43	74	27	500
27_slice008_frame014	test	scaled_masks_TR	doubleTransferLearn	63290	0	36	0	1484	8	58	48	612
28_slice010_frame010	test	scaled_masks_TR	doubleTransferLearn	63654	0	36	0	1086	68	45	20	627
28_slice012_frame019	test	scaled_masks_TR	doubleTransferLearn	63534	0	27	0	1264	96	40	22	553
26_slice006_frame003	test	scaled_masks_TR	doubleTransferLearn	63311	0	21	0	1399	22	70	21	692
27_slice009_frame004	test	scaled_masks_TR	doubleTransferLearn	63608	0	16	0	1146	46	14	32	674
27_slice010_frame005	test	scaled_masks_TR	doubleTransferLearn	63866	0	67	0	847	7	24	71	654
28_slice009_frame008	test	scaled_masks_TR	doubleTransferLearn	63851	0	112	0	788	1	14	84	686
27_slice008_frame015	test	scaled_masks_TR	doubleTransferLearn	63278	0	28	0	1502	17	50	40	621
28_slice008_frame002	test	scaled_masks_TR	doubleTransferLearn	63303	0	57	0	1416	33	50	46	631
26_slice002_frame022	test	scaled_masks_TR	doubleTransferLearn	64337	0	34	0	729	15	18	33	370
26_slice006_frame008	test	scaled_masks_TR	doubleTransferLearn	63652	0	100	0	913	18	7	29	817
27_slice004_frame006	test	scaled_masks_TR	doubleTransferLearn	64199	0	131	0	578	65	14	11	538
27_slice012_frame007	test	scaled_masks_TR	doubleTransferLearn	65536	0	0	0	0	0	0	0	0
28_slice014_frame006	test	scaled_masks_TR	doubleTransferLearn	65536	0	0	0	0	0	0	0	0
28_slice008_frame019	test	scaled_masks_TR	doubleTransferLearn	63188	0	55	0	1449	46	76	102	620
27_slice007_frame001	test	scaled_masks_TR	doubleTransferLearn	63316	0	31	0	1433	20	22	54	660
28_slice010_frame013	test	scaled_masks_TR	doubleTransferLearn	63217	0	14	0	1423	20	149	26	687
26_slice001_frame010	test	scaled_masks_TR	doubleTransferLearn	64849	0	180	0	193	1	6	79	228
28_slice003_frame006	test	scaled_masks_TR	doubleTransferLearn	64367	0	61	0	478	2	39	23	566
28_slice001_frame006	test	scaled_masks_TR	doubleTransferLearn	64872	0	69	0	177	21	5	78	314
28_slice004_frame013	test	scaled_masks_TR	doubleTransferLearn	63929	0	2	0	994	67	99	16	429
28_slice014_frame017	test	scaled_masks_TR	doubleTransferLearn	65536	0	0	0	0	0	0	0	0
27_slice005_frame013	test	scaled_masks_TR	doubleTransferLearn	63784	0	69	0	1167	69	36	16	395
26_slice009_frame023	test	scaled_masks_TR	doubleTransferLearn	62828	0	46	0	1741	29	92	34	766
26_slice010_frame002	test	scaled_masks_TR	doubleTransferLearn	62835	0	17	0	1631	35	157	34	827
27_slice006_frame003	test	scaled_masks_TR	doubleTransferLearn	63698	0	92	0	1012	48	77	33	576
27_slice013_frame018	test	scaled_masks_TR	doubleTransferLearn	63884	1125	527	0	0	0	0	0	0
26_slice007_frame002	test	scaled_masks_TR	doubleTransferLearn	63119	0	4	0	1574	29	63	17	730
26_slice002_frame007	test	scaled_masks_TR	doubleTransferLearn	64571	0	86	0	399	0	1	86	393
27_slice000_frame015	test	scaled_masks_TR	doubleTransferLearn	64960	0	11	0	222	60	88	0	195
26_slice014_frame024	test	scaled_masks_TR	doubleTransferLearn	65308	14	214	0	0	0	0	0	0
27_slice000_frame014	test	scaled_masks_TR	doubleTransferLearn	64969	0	5	0	216	83	96	0	167
28_slice007_frame018	test	scaled_masks_TR	doubleTransferLearn	63360	0	14	0	1418	51	70	30	593
26_slice011_frame009	test	scaled_masks_TR	doubleTransferLearn	63482	0	73	0	808	0	66	203	904
27_slice002_frame014	test	scaled_masks_TR	doubleTransferLearn	64447	0	28	0	635	14	46	35	331
28_slice002_frame014	test	scaled_masks_TR	doubleTransferLearn	64430	0	10	0	612	17	67	26	374
26_slice004_frame005	test	scaled_masks_TR	doubleTransferLearn	64070	0	88	0	794	11	13	24	536
27_slice007_frame007	test	scaled_masks_TR	doubleTransferLearn	63773	0	30	0	919	85	47	16	666
28_slice008_frame010	test	scaled_masks_TR	doubleTransferLearn	63462	0	8	0	1215	62	130	23	636
27_slice000_frame018	test	scaled_masks_TR	doubleTransferLearn	64933	0	0	0	213	92	160	0	138
27_slice008_frame017	test	scaled_masks_TR	doubleTransferLearn	63253	0	12	0	1540	23	36	13	659
28_slice009_frame014	test	scaled_masks_TR	doubleTransferLearn	63217	0	27	0	1474	20	94	48	656
28_slice010_frame009	test	scaled_masks_TR	doubleTransferLearn	63814	0	12	0	870	20	77	31	712
26_slice000_frame014	test	scaled_masks_TR	doubleTransferLearn	65536	0	0	0	0	0	0	0	0
26_slice002_frame006	test	scaled_masks_TR	doubleTransferLearn	64547	0	55	0	456	1	5	80	392
26_slice014_frame000	test	scaled_masks_TR	doubleTransferLearn	64873	372	291	0	0	0	0	0	0
27_slice001_frame012	test	scaled_masks_TR	doubleTransferLearn	64615	0	1	0	506	30	68	12	304
26_slice006_frame006	test	scaled_masks_TR	doubleTransferLearn	63608	0	102	0	1030	32	1	62	701
27_slice012_frame019	test	scaled_masks_TR	doubleTransferLearn	63356	0	30	32	1291	137	173	50	467
27_slice006_frame016	test	scaled_masks_TR	doubleTransferLearn	63395	0	6	0	1313	30	174	25	593
27_slice013_frame012	test	scaled_masks_TR	doubleTransferLearn	63998	1037	501	0	0	0	0	0	0
27_slice004_frame001	test	scaled_masks_TR	doubleTransferLearn	63975	0	42	0	977	12	33	35	462
28_slice004_frame003	test	scaled_masks_TR	doubleTransferLearn	63997	0	44	0	826	18	19	17	615
28_slice005_frame006	test	scaled_masks_TR	doubleTransferLearn	63963	0	74	0	704	33	38	29	695
28_slice011_frame004	test	scaled_masks_TR	doubleTransferLearn	64035	0	112	0	821	12	5	39	512
27_slice005_frame000	test	scaled_masks_TR	doubleTransferLearn	63694	0	3	0	1190	85	101	9	454
28_slice007_frame017	test	scaled_masks_TR	doubleTransferLearn	63369	0	28	0	1396	62	94	11	576
26_slice010_frame019	test	scaled_masks_TR	doubleTransferLearn	62803	0	63	0	1640	47	171	11	801
28_slice013_frame012	test	scaled_masks_TR	doubleTransferLearn	63966	0	17	1	957	47	100	34	414
26_slice009_frame008	test	scaled_masks_TR	doubleTransferLearn	63461	0	66	0	909	17	43	54	986
26_slice007_frame018	test	scaled_masks_TR	doubleTransferLearn	63087	0	11	0	1560	12	74	64	728
26_slice009_frame020	test	scaled_masks_TR	doubleTransferLearn	62945	0	60	0	1644	7	46	37	797
26_slice014_frame010	test	scaled_masks_TR	doubleTransferLearn	65536	0	0	0	0	0	0	0	0
26_slice012_frame019	test	scaled_masks_TR	doubleTransferLearn	62898	0	49	0	1605	72	81	15	816
27_slice012_frame001	test	scaled_masks_TR	doubleTransferLearn	63308	0	2	66	1340	130	247	17	426
27_slice009_frame010	test	scaled_masks_TR	doubleTransferLearn	63502	0	149	0	1212	11	14	65	583
28_slice000_frame005	test	scaled_masks_TR	doubleTransferLearn	65191	0	31	0	83	30	58	3	140
26_slice004_frame003	test	scaled_masks_TR	doubleTransferLearn	63923	0	64	0	965	15	14	39	516
27_slice009_frame005	test	scaled_masks_TR	doubleTransferLearn	63703	0	50	0	971	60	22	28	702
27_slice003_frame012	test	scaled_masks_TR	doubleTransferLearn	64308	0	21	0	712	54	97	15	329
27_slice005_frame014	test	scaled_masks_TR	doubleTransferLearn	63742	0	51	0	1159	46	82	22	434
28_slice001_frame012	test	scaled_masks_TR	doubleTransferLearn	64730	0	44	0	371	6	45	91	249
26_slice000_frame018	test	scaled_masks_TR	doubleTransferLearn	65536	0	0	0	0	0	0	0	0
26_slice007_frame008	test	scaled_masks_TR	doubleTransferLearn	63581	0	115	0	904	21	1	65	849
26_slice009_frame016	test	scaled_masks_TR	doubleTransferLearn	62989	0	78	0	1603	15	66	46	739
28_slice000_frame000	test	scaled_masks_TR	doubleTransferLearn	64854	0	0	0	237	31	133	13	268
26_slice005_frame021	test	scaled_masks_TR	doubleTransferLearn	63441	0	50	0	1334	0	13	106	592
27_slice007_frame010	test	scaled_masks_TR	doubleTransferLearn	63417	0	47	0	1401	13	81	13	564
27_slice009_frame007	test	scaled_masks_TR	doubleTransferLearn	63859	0	92	0	820	4	3	40	718
27_slice007_frame000	test	scaled_masks_TR	doubleTransferLearn	63253	0	22	0	1506	8	43	39	665
26_slice013_frame001	test	scaled_masks_TR	doubleTransferLearn	62918	0	13	0	1570	54	77	72	832
26_slice009_frame013	test	scaled_masks_TR	doubleTransferLearn	63292	0	189	0	1290	44	6	19	696
27_slice010_frame008	test	scaled_masks_TR	doubleTransferLearn	63929	0	27	0	764	4	37	63	712
27_slice001_frame006	test	scaled_masks_TR	doubleTransferLearn	64779	0	63	0	245	21	16	10	402
27_slice008_frame007	test	scaled_masks_TR	doubleTransferLearn	63777	0	37	0	884	8	23	25	782
27_slice006_frame005	test	scaled_masks_TR	doubleTransferLearn	63789	0	20	0	956	167	61	45	498
27_slice013_frame015	test	scaled_masks_TR	doubleTransferLearn	63956	1083	497	0	0	0	0	0	0
26_slice010_frame001	test	scaled_masks_TR	doubleTransferLearn	62774	0	49	0	1727	18	133	22	813
28_slice010_frame005	test	scaled_masks_TR	doubleTransferLearn	63853	0	101	0	775	16	29	67	695
26_slice013_frame010	test	scaled_masks_TR	doubleTransferLearn	63900	0	0	1088	0	0	548	0	0
28_slice005_frame016	test	scaled_masks_TR	doubleTransferLearn	63732	0	32	0	1148	24	44	45	511
26_slice004_frame017	test	scaled_masks_TR	doubleTransferLearn	63865	0	40	0	1073	32	56	19	451
26_slice012_frame012	test	scaled_masks_TR	doubleTransferLearn	63775	0	8	934	1	0	727	0	91
28_slice014_frame008	test	scaled_masks_TR	doubleTransferLearn	65536	0	0	0	0	0	0	0	0
28_slice003_frame000	test	scaled_masks_TR	doubleTransferLearn	64066	0	11	0	828	41	128	10	452
27_slice008_frame018	test	scaled_masks_TR	doubleTransferLearn	63209	0	19	0	1538	20	56	33	661
28_slice001_frame015	test	scaled_masks_TR	doubleTransferLearn	64584	0	14	0	376	142	154	5	261
27_slice002_frame018	test	scaled_masks_TR	doubleTransferLearn	64464	0	16	0	651	29	38	7	331
26_slice010_frame018	test	scaled_masks_TR	doubleTransferLearn	62811	0	36	0	1661	16	149	19	844
27_slice003_frame000	test	scaled_masks_TR	doubleTransferLearn	64225	0	48	0	773	66	55	15	354
26_slice011_frame017	test	scaled_masks_TR	doubleTransferLearn	62825	0	73	0	1641	40	144	27	786
27_slice009_frame018	test	scaled_masks_TR	doubleTransferLearn	63124	0	14	0	1578	12	103	29	676
27_slice013_frame016	test	scaled_masks_TR	doubleTransferLearn	63974	1081	481	0	0	0	0	0	0
28_slice005_frame007	test	scaled_masks_TR	doubleTransferLearn	63972	0	32	0	695	78	46	9	704
27_slice010_frame003	test	scaled_masks_TR	doubleTransferLearn	63535	0	27	0	1219	18	45	49	643
28_slice008_frame005	test	scaled_masks_TR	doubleTransferLearn	63718	0	54	0	992	14	20	52	686
26_slice001_frame021	test	scaled_masks_TR	doubleTransferLearn	64612	0	48	0	458	29	47	50	292
26_slice011_frame013	test	scaled_masks_TR	doubleTransferLearn	63093	0	42	0	1260	5	133	98	905
26_slice002_frame018	test	scaled_masks_TR	doubleTransferLearn	64365	0	43	0	717	11	3	40	357
26_slice002_frame014	test	scaled_masks_TR	doubleTransferLearn	64542	0	20	0	589	17	15	13	340
28_slice003_frame003	test	scaled_masks_TR	doubleTransferLearn	64211	0	81	0	672	43	28	16	485
27_slice004_frame014	test	scaled_masks_TR	doubleTransferLearn	63942	0	2	0	983	27	140	7	435
26_slice008_frame024	test	scaled_masks_TR	doubleTransferLearn	62930	0	24	0	1731	19	35	45	752
26_slice012_frame006	test	scaled_masks_TR	doubleTransferLearn	63445	0	134	0	1179	26	10	63	679
27_slice002_frame002	test	scaled_masks_TR	doubleTransferLearn	64505	0	70	0	564	50	14	1	332
27_slice011_frame014	test	scaled_masks_TR	doubleTransferLearn	63317	0	16	0	1365	27	91	27	693
27_slice005_frame005	test	scaled_masks_TR	doubleTransferLearn	63995	0	220	0	740	46	0	6	529
28_slice002_frame000	test	scaled_masks_TR	doubleTransferLearn	64445	0	21	0	588	105	79	11	287
28_slice014_frame018	test	scaled_masks_TR	doubleTransferLearn	65536	0	0	0	0	0	0	0	0
27_slice010_frame014	test	scaled_masks_TR	doubleTransferLearn	63231	0	26	0	1517	9	49	48	656
26_slice003_frame018	test	scaled_masks_TR	doubleTransferLearn	64017	0	69	0	913	33	39	28	437
28_slice013_frame001	test	scaled_masks_TR	doubleTransferLearn	64016	0	2	974	55	0	359	0	130
27_slice002_frame011	test	scaled_masks_TR	doubleTransferLearn	64536	0	17	0	577	22	54	17	313
26_slice014_frame019	test	scaled_masks_TR	doubleTransferLearn	65536	0	0	0	0	0	0	0	0
28_slice004_frame006	test	scaled_masks_TR	doubleTransferLearn	64175	0	63	0	587	23	18	32	638
27_slice002_frame006	test	scaled_masks_TR	doubleTransferLearn	64646	0	94	0	291	50	10	10	435
26_slice004_frame001	test	scaled_masks_TR	doubleTransferLearn	63821	0	78	0	1090	19	18	36	474
28_slice009_frame004	test	scaled_masks_TR	doubleTransferLearn	63582	0	4	0	1019	11	87	58	775
26_slice003_frame001	test	scaled_masks_TR	doubleTransferLearn	63973	0	50	0	946	41	28	32	466
27_slice009_frame008	test	scaled_masks_TR	doubleTransferLearn	63833	0	93	0	851	52	11	13	683
28_slice003_frame018	test	scaled_masks_TR	doubleTransferLearn	64155	0	90	0	827	7	64	51	342
27_slice002_frame019	test	scaled_masks_TR	doubleTransferLearn	64402	0	37	0	672	22	40	30	333
28_slice010_frame012	test	scaled_masks_TR	doubleTransferLearn	63265	0	5	0	1374	37	122	51	682
27_slice001_frame001	test	scaled_masks_TR	doubleTransferLearn	64658	0	0	0	374	171	132	0	201
27_slice011_frame008	test	scaled_masks_TR	doubleTransferLearn	65510	8	18	0	0	0	0	0	0
26_slice000_frame002	test	scaled_masks_TR	doubleTransferLearn	65241	163	132	0	0	0	0	0	0
26_slice013_frame002	test	scaled_masks_TR	doubleTransferLearn	63024	0	68	0	1521	128	68	18	709
27_slice005_frame015	test	scaled_masks_TR	doubleTransferLearn	63775	0	64	0	1159	45	45	24	424
28_slice012_frame017	test	scaled_masks_TR	doubleTransferLearn	63543	0	23	0	1233	82	43	5	607
28_slice013_frame010	test	scaled_masks_TR	doubleTransferLearn	65536	0	0	0	0	0	0	0	0
28_slice002_frame005	test	scaled_masks_TR	doubleTransferLearn	64553	0	44	0	341	15	107	37	439
26_slice005_frame012	test	scaled_masks_TR	doubleTransferLearn	63760	0	69	0	966	3	11	60	667
28_slice002_frame006	test	scaled_masks_TR	doubleTransferLearn	64620	0	68	0	292	9	73	42	432
26_slice012_frame001	test	scaled_masks_TR	doubleTransferLearn	62849	0	22	0	1709	43	69	35	809
28_slice010_frame017	test	scaled_masks_TR	doubleTransferLearn	63082	0	7	0	1472	26	189	43	717
28_slice001_frame011	test	scaled_masks_TR	doubleTransferLearn	64763	0	40	0	381	1	16	67	268
26_slice007_frame022	test	scaled_masks_TR	doubleTransferLearn	63052	0	17	0	1622	6	69	51	719
27_slice002_frame010	test	scaled_masks_TR	doubleTransferLearn	64553	0	31	0	550	12	45	44	301
28_slice014_frame004	test	scaled_masks_TR	doubleTransferLearn	65536	0	0	0	0	0	0	0	0
28_slice011_frame015	test	scaled_masks_TR	doubleTransferLearn	63406	0	3	0	1358	58	85	8	618
27_slice007_frame018	test	scaled_masks_TR	doubleTransferLearn	63309	0	42	0	1475	27	77	26	580
27_slice000_frame008	test	scaled_masks_TR	doubleTransferLearn	64909	0	0	208	0	0	416	0	3
27_slice006_frame015	test	scaled_masks_TR	doubleTransferLearn	63443	0	4	0	1336	79	127	8	539
26_slice008_frame023	test	scaled_masks_TR	doubleTransferLearn	62915	0	39	0	1725	18	46	47	746
26_slice005_frame015	test	scaled_masks_TR	doubleTransferLearn	63564	0	70	0	1277	15	26	72	512
27_slice008_frame016	test	scaled_masks_TR	doubleTransferLearn	63207	0	3	0	1531	56	104	12	623
28_slice003_frame004	test	scaled_masks_TR	doubleTransferLearn	64285	0	60	0	616	26	12	21	516
26_slice005_frame001	test	scaled_masks_TR	doubleTransferLearn	63432	0	42	0	1412	5	15	37	593
28_slice009_frame006	test	scaled_masks_TR	doubleTransferLearn	63779	0	48	0	768	1	41	102	797
26_slice006_frame001	test	scaled_masks_TR	doubleTransferLearn	63239	0	43	0	1487	4	28	68	667
28_slice010_frame002	test	scaled_masks_TR	doubleTransferLearn	63475	0	58	0	1238	27	48	48	642
27_slice008_frame001	test	scaled_masks_TR	doubleTransferLearn	63191	0	38	0	1541	57	43	31	635
28_slice004_frame008	test	scaled_masks_TR	doubleTransferLearn	64188	0	3	0	547	46	75	38	639
28_slice004_frame015	test	scaled_masks_TR	doubleTransferLearn	63872	0	21	0	974	63	151	34	421
28_slice014_frame000	test	scaled_masks_TR	doubleTransferLearn	65536	0	0	0	0	0	0	0	0
27_slice010_frame001	test	scaled_masks_TR	doubleTransferLearn	63215	0	44	0	1519	2	34	57	665
27_slice007_frame008	test	scaled_masks_TR	doubleTransferLearn	63684	0	28	0	1034	73	114	19	584
26_slice001_frame019	test	scaled_masks_TR	doubleTransferLearn	64644	0	56	0	490	6	6	34	300
26_slice004_frame013	test	scaled_masks_TR	doubleTransferLearn	64093	0	83	0	858	19	28	47	408
26_slice004_frame018	test	scaled_masks_TR	doubleTransferLearn	63844	0	40	0	1045	14	54	49	490
26_slice011_frame024	test	scaled_masks_TR	doubleTransferLearn	62701	0	39	0	1767	52	189	23	765
26_slice011_frame022	test	scaled_masks_TR	doubleTransferLearn	62825	0	90	0	1727	67	73	16	738
28_slice001_frame019	test	scaled_masks_TR	doubleTransferLearn	64662	0	42	1	385	76	114	28	228
28_slice007_frame007	test	scaled_masks_TR	doubleTransferLearn	63830	0	23	0	856	16	32	37	742
27_slice003_frame016	test	scaled_masks_TR	doubleTransferLearn	64248	0	23	0	763	44	111	14	333
28_slice012_frame000	test	scaled_masks_TR	doubleTransferLearn	63537	0	12	0	1192	178	150	7	460
26_slice001_frame013	test	scaled_masks_TR	doubleTransferLearn	64864	0	56	0	298	0	25	71	222
27_slice001_frame010	test	scaled_masks_TR	doubleTransferLearn	64689	0	2	0	470	32	65	12	266
28_slice006_frame006	test	scaled_masks_TR	doubleTransferLearn	63839	0	48	0	808	44	11	36	750
26_slice002_frame004	test	scaled_masks_TR	doubleTransferLearn	64438	0	59	0	607	1	7	54	370
27_slice005_frame009	test	scaled_masks_TR	doubleTransferLearn	63970	0	20	0	917	31	60	48	490
28_slice006_frame017	test	scaled_masks_TR	doubleTransferLearn	63566	0	8	0	1299	34	61	17	551
27_slice011_frame004	test	scaled_masks_TR	doubleTransferLearn	64826	464	246	0	0	0	0	0	0
26_slice001_frame008	test	scaled_masks_TR	doubleTransferLearn	64815	0	144	0	219	0	15	81	262
26_slice012_frame008	test	scaled_masks_TR	doubleTransferLearn	63714	0	93	6	952	39	59	90	583
26_slice001_frame012	test	scaled_masks_TR	doubleTransferLearn	64880	0	110	0	161	0	3	124	258
26_slice001_frame007	test	scaled_masks_TR	doubleTransferLearn	64831	0	113	0	274	2	4	48	264
28_slice012_frame011	test	scaled_masks_TR	doubleTransferLearn	63722	0	14	0	1030	96	69	4	601
26_slice001_frame005	test	scaled_masks_TR	doubleTransferLearn	64775	0	56	0	325	1	13	68	298
28_slice014_frame003	test	scaled_masks_TR	doubleTransferLearn	65536	0	0	0	0	0	0	0	0
28_slice014_frame002	test	scaled_masks_TR	doubleTransferLearn	65536	0	0	0	0	0	0	0	0
28_slice007_frame006	test	scaled_masks_TR	doubleTransferLearn	63751	0	6	0	859	30	71	27	792
26_slice010_frame024	test	scaled_masks_TR	doubleTransferLearn	62702	0	46	0	1766	50	191	32	749
27_slice010_frame000	test	scaled_masks_TR	doubleTransferLearn	63091	0	6	0	1596	33	68	35	707
28_slice011_frame010	test	scaled_masks_TR	doubleTransferLearn	63635	0	76	1	1017	142	147	13	505
28_slice013_frame013	test	scaled_masks_TR	doubleTransferLearn	64020	0	14	0	949	9	64	63	417
26_slice000_frame015	test	scaled_masks_TR	doubleTransferLearn	65456	45	35	0	0	0	0	0	0
27_slice012_frame012	test	scaled_masks_TR	doubleTransferLearn	63489	0	23	0	1256	30	113	27	598
26_slice013_frame012	test	scaled_masks_TR	doubleTransferLearn	63467	0	0	1376	0	0	693	0	0
28_slice004_frame000	test	scaled_masks_TR	doubleTransferLearn	63880	0	9	0	997	91	105	8	446
28_slice014_frame013	test	scaled_masks_TR	doubleTransferLearn	65536	0	0	0	0	0	0	0	0
27_slice002_frame000	test	scaled_masks_TR	doubleTransferLearn	64431	0	31	0	679	45	15	8	327
27_slice002_frame004	test	scaled_masks_TR	doubleTransferLearn	64634	0	95	0	384	42	27	26	328
28_slice001_frame005	test	scaled_masks_TR	doubleTransferLearn	64757	0	41	0	243	13	46	50	386
26_slice002_frame023	test	scaled_masks_TR	doubleTransferLearn	64282	0	4	0	740	23	63	26	398
27_slice002_frame017	test	scaled_masks_TR	doubleTransferLearn	64487	0	52	0	625	20	24	22	306
26_slice000_frame021	test	scaled_masks_TR	doubleTransferLearn	65502	3	31	0	0	0	0	0	0
26_slice003_frame013	test	scaled_masks_TR	doubleTransferLearn	64300	0	76	0	619	7	6	58	470
26_slice009_frame024	test	scaled_masks_TR	doubleTransferLearn	62838	0	108	0	1746	26	86	44	688
27_slice008_frame005	test	scaled_masks_TR	doubleTransferLearn	63672	0	34	0	1024	19	30	28	729
26_slice008_frame008	test	scaled_masks_TR	doubleTransferLearn	63498	0	75	0	924	26	20	49	944
26_slice001_frame004	test	scaled_masks_TR	doubleTransferLearn	64674	0	41	0	377	2	51	63	328
26_slice009_frame017	test	scaled_masks_TR	doubleTransferLearn	62924	0	111	0	1574	4	91	91	741
27_slice004_frame017	test	scaled_masks_TR	doubleTransferLearn	63965	0	20	0	944	39	91	50	427
27_slice006_frame017	test	scaled_masks_TR	doubleTransferLearn	63463	0	35	0	1283	33	100	34	588
27_slice000_frame001	test	scaled_masks_TR	doubleTransferLearn	65026	0	0	0	143	88	150	0	129
26_slice005_frame004	test	scaled_masks_TR	doubleTransferLearn	63627	0	56	0	1128	4	24	59	638
27_slice013_frame010	test	scaled_masks_TR	doubleTransferLearn	65536	0	0	0	0	0	0	0	0
26_slice014_frame005	test	scaled_masks_TR	doubleTransferLearn	65536	0	0	0	0	0	0	0	0
27_slice008_frame008	test	scaled_masks_TR	doubleTransferLearn	63776	0	32	0	930	33	38	12	715
28_slice002_frame011	test	scaled_masks_TR	doubleTransferLearn	64486	0	40	0	608	30	79	14	279
28_slice008_frame001	test	scaled_masks_TR	doubleTransferLearn	63236	0	39	0	1463	3	34	83	678
26_slice006_frame015	test	scaled_masks_TR	doubleTransferLearn	63399	0	8	0	1376	36	54	24	639
27_slice006_frame014	test	scaled_masks_TR	doubleTransferLearn	63528	0	66	0	1299	6	45	51	541
27_slice000_frame002	test	scaled_masks_TR	doubleTransferLearn	65108	0	11	0	135	61	54	0	167
27_slice013_frame004	test	scaled_masks_TR	doubleTransferLearn	65536	0	0	0	0	0	0	0	0
27_slice004_frame004	test	scaled_masks_TR	doubleTransferLearn	64177	0	128	0	730	33	2	11	455
28_slice000_frame008	test	scaled_masks_TR	doubleTransferLearn	65152	0	0	101	0	0	283	0	0
26_slice013_frame021	test	scaled_masks_TR	doubleTransferLearn	62923	0	36	0	1524	26	86	77	864
28_slice000_frame013	test	scaled_masks_TR	doubleTransferLearn	64886	0	15	0	278	77	57	5	218
26_slice012_frame007	test	scaled_masks_TR	doubleTransferLearn	63563	0	169	0	1031	7	10	123	633
26_slice013_frame014	test	scaled_masks_TR	doubleTransferLearn	63034	0	15	0	1414	44	81	37	911
27_slice004_frame008	test	scaled_masks_TR	doubleTransferLearn	64290	0	130	0	568	28	0	28	492
28_slice005_frame013	test	scaled_masks_TR	doubleTransferLearn	63727	0	11	0	1132	29	87	28	522
28_slice003_frame002	test	scaled_masks_TR	doubleTransferLearn	64155	0	42	0	773	34	37	26	469
28_slice011_frame011	test	scaled_masks_TR	doubleTransferLearn	63520	0	32	0	1201	48	55	30	650
28_slice000_frame011	test	scaled_masks_TR	doubleTransferLearn	64888	0	15	0	250	53	176	1	153
27_slice007_frame011	test	scaled_masks_TR	doubleTransferLearn	63377	0	22	0	1391	48	80	61	557
28_slice008_frame003	test	scaled_masks_TR	doubleTransferLearn	63474	0	61	0	1267	48	42	36	608
27_slice005_frame010	test	scaled_masks_TR	doubleTransferLearn	63842	0	1	0	1063	44	88	20	478
27_slice000_frame009	test	scaled_masks_TR	doubleTransferLearn	65054	0	3	89	19	83	217	0	71
26_slice008_frame000	test	scaled_masks_TR	doubleTransferLearn	62971	0	46	0	1713	28	17	41	720
28_slice005_frame005	test	scaled_masks_TR	doubleTransferLearn	63906	0	48	0	816	57	51	3	655
28_slice009_frame000	test	scaled_masks_TR	doubleTransferLearn	63124	0	33	0	1536	0	72	53	718
28_slice013_frame004	test	scaled_masks_TR	doubleTransferLearn	65536	0	0	0	0	0	0	0	0
28_slice009_frame013	test	scaled_masks_TR	doubleTransferLearn	63243	0	78	0	1434	11	49	96	625
26_slice014_frame018	test	scaled_masks_TR	doubleTransferLearn	65536	0	0	0	0	0	0	0	0
26_slice008_frame001	test	scaled_masks_TR	doubleTransferLearn	62974	0	24	0	1671	5	38	45	779
26_slice009_frame006	test	scaled_masks_TR	doubleTransferLearn	63313	0	88	0	1114	20	77	53	871
27_slice012_frame008	test	scaled_masks_TR	doubleTransferLearn	65536	0	0	0	0	0	0	0	0
27_slice001_frame003	test	scaled_masks_TR	doubleTransferLearn	64778	0	86	0	284	64	23	33	268
26_slice007_frame012	test	scaled_masks_TR	doubleTransferLearn	63483	0	112	0	1119	38	19	29	736
26_slice013_frame003	test	scaled_masks_TR	doubleTransferLearn	63219	0	33	0	1325	36	65	53	805
26_slice006_frame019	test	scaled_masks_TR	doubleTransferLearn	63267	0	15	0	1452	16	54	66	666
28_slice009_frame001	test	scaled_masks_TR	doubleTransferLearn	63174	0	0	0	1518	50	81	4	709
28_slice001_frame000	test	scaled_masks_TR	doubleTransferLearn	64631	0	4	0	396	8	85	63	349
28_slice007_frame004	test	scaled_masks_TR	doubleTransferLearn	63677	0	47	0	1056	64	46	5	641
28_slice008_frame012	test	scaled_masks_TR	doubleTransferLearn	63375	0	63	0	1415	13	22	62	586
26_slice012_frame020	test	scaled_masks_TR	doubleTransferLearn	62932	0	40	0	1607	38	48	24	847
26_slice003_frame023	test	scaled_masks_TR	doubleTransferLearn	63867	0	70	0	939	33	142	42	443
26_slice006_frame020	test	scaled_masks_TR	doubleTransferLearn	63254	0	18	0	1476	9	41	61	677
28_slice002_frame017	test	scaled_masks_TR	doubleTransferLearn	64507	0	30	0	571	21	35	27	345
28_slice009_frame016	test	scaled_masks_TR	doubleTransferLearn	63142	0	0	0	1466	14	159	70	685
26_slice001_frame016	test	scaled_masks_TR	doubleTransferLearn	64695	0	40	0	474	6	20	23	278
26_slice001_frame006	test	scaled_masks_TR	doubleTransferLearn	64826	0	144	0	287	0	4	53	222
26_slice011_frame000	test	scaled_masks_TR	doubleTransferLearn	62744	0	25	0	1767	43	150	19	788
26_slice013_frame000	test	scaled_masks_TR	doubleTransferLearn	62858	0	32	0	1647	33	78	29	859
26_slice012_frame009	test	scaled_masks_TR	doubleTransferLearn	63809	0	48	289	697	26	248	42	377
28_slice002_frame013	test	scaled_masks_TR	doubleTransferLearn	64427	0	2	0	628	34	73	13	359
28_slice003_frame008	test	scaled_masks_TR	doubleTransferLearn	64426	0	24	0	389	5	30	46	616
26_slice008_frame009	test	scaled_masks_TR	doubleTransferLearn	63525	0	146	0	889	46	9	47	874
26_slice000_frame024	test	scaled_masks_TR	doubleTransferLearn	65507	8	21	0	0	0	0	0	0
27_slice013_frame013	test	scaled_masks_TR	doubleTransferLearn	64061	1048	427	0	0	0	0	0	0
26_slice004_frame022	test	scaled_masks_TR	doubleTransferLearn	63808	0	36	0	1045	22	83	57	485
28_slice001_frame009	test	scaled_masks_TR	doubleTransferLearn	64824	0	122	0	133	2	8	74	373
27_slice006_frame008	test	scaled_masks_TR	doubleTransferLearn	63745	0	39	0	995	17	58	87	595
28_slice001_frame004	test	scaled_masks_TR	doubleTransferLearn	64690	0	32	0	276	4	17	63	454
28_slice013_frame011	test	scaled_masks_TR	doubleTransferLearn	64160	0	0	935	0	0	441	0	0
26_slice012_frame017	test	scaled_masks_TR	doubleTransferLearn	62918	0	39	0	1559	88	101	28	803
26_slice006_frame022	test	scaled_masks_TR	doubleTransferLearn	63233	0	4	0	1527	3	59	41	669
27_slice010_frame007	test	scaled_masks_TR	doubleTransferLearn	63966	0	38	0	773	21	64	45	629
27_slice003_frame014	test	scaled_masks_TR	doubleTransferLearn	64281	0	15	0	767	52	87	6	328
26_slice001_frame018	test	scaled_masks_TR	doubleTransferLearn	64630	0	46	0	512	13	18	23	294
28_slice009_frame009	test	scaled_masks_TR	doubleTransferLearn	63764	0	28	0	954	23	26	10	731
26_slice005_frame010	test	scaled_masks_TR	doubleTransferLearn	63774	0	115	0	817	1	12	94	723
27_slice005_frame008	test	scaled_masks_TR	doubleTransferLearn	63972	0	20	0	800	28	92	40	584
26_slice001_frame000	test	scaled_masks_TR	doubleTransferLearn	64622	0	61	0	487	15	29	57	265
26_slice011_frame016	test	scaled_masks_TR	doubleTransferLearn	62884	0	14	0	1602	62	115	23	836
28_slice000_frame014	test	scaled_masks_TR	doubleTransferLearn	64876	0	18	0	259	73	83	11	216
28_slice004_frame017	test	scaled_masks_TR	doubleTransferLearn	63908	0	2	0	979	33	133	21	460
28_slice001_frame016	test	scaled_masks_TR	doubleTransferLearn	64654	0	1	0	328	17	112	68	356
27_slice005_frame007	test	scaled_masks_TR	doubleTransferLearn	64023	0	75	0	685	39	8	25	681
28_slice007_frame000	test	scaled_masks_TR	doubleTransferLearn	63328	0	63	0	1436	11	30	30	638
28_slice000_frame006	test	scaled_masks_TR	doubleTransferLearn	65213	0	4	0	68	22	68	3	158
28_slice012_frame008	test	scaled_masks_TR	doubleTransferLearn	65536	0	0	0	0	0	0	0	0
26_slice014_frame008	test	scaled_masks_TR	doubleTransferLearn	65536	0	0	0	0	0	0	0	0
27_slice004_frame015	test	scaled_masks_TR	doubleTransferLearn	63948	0	20	0	985	48	118	11	406
28_slice005_frame000	test	scaled_masks_TR	doubleTransferLearn	63662	0	31	0	1185	36	103	29	490
28_slice010_frame001	test	scaled_masks_TR	doubleTransferLearn	63313	0	16	0	1364	15	74	69	685
27_slice007_frame019	test	scaled_masks_TR	doubleTransferLearn	63299	0	36	0	1502	54	33	35	577
27_slice004_frame011	test	scaled_masks_TR	doubleTransferLearn	64074	0	10	0	908	60	70	20	394
26_slice011_frame018	test	scaled_masks_TR	doubleTransferLearn	62706	0	34	0	1627	40	268	45	816
26_slice014_frame022	test	scaled_masks_TR	doubleTransferLearn	65536	0	0	0	0	0	0	0	0
27_slice001_frame019	test	scaled_masks_TR	doubleTransferLearn	64615	0	1	0	478	115	98	0	229
27_slice011_frame015	test	scaled_masks_TR	doubleTransferLearn	63306	0	29	0	1365	65	97	23	651
27_slice011_frame012	test	scaled_masks_TR	doubleTransferLearn	63343	0	3	0	1344	53	112	25	656
27_slice001_frame000	test	scaled_masks_TR	doubleTransferLearn	64602	0	1	0	447	142	130	3	211
26_slice004_frame007	test	scaled_masks_TR	doubleTransferLearn	64170	0	64	0	626	0	6	49	621
26_slice010_frame015	test	scaled_masks_TR	doubleTransferLearn	62964	0	22	0	1522	38	114	20	856
28_slice000_frame010	test	scaled_masks_TR	doubleTransferLearn	64969	0	0	243	0	0	324	0	0
26_slice007_frame016	test	scaled_masks_TR	doubleTransferLearn	63134	0	40	0	1530	14	65	57	696
26_slice014_frame013	test	scaled_masks_TR	doubleTransferLearn	65536	0	0	0	0	0	0	0	0
28_slice005_frame003	test	scaled_masks_TR	doubleTransferLearn	63739	0	20	0	1060	27	45	23	622
27_slice003_frame017	test	scaled_masks_TR	doubleTransferLearn	64303	0	32	0	748	45	72	18	318
28_slice010_frame006	test	scaled_masks_TR	doubleTransferLearn	63955	0	90	0	695	4	1	87	704
26_slice002_frame011	test	scaled_masks_TR	doubleTransferLearn	64577	0	142	0	322	5	0	53	437
26_slice000_frame000	test	scaled_masks_TR	doubleTransferLearn	65465	35	36	0	0	0	0	0	0
26_slice005_frame009	test	scaled_masks_TR	doubleTransferLearn	63805	0	145	0	726	0	2	128	730
27_slice008_frame013	test	scaled_masks_TR	doubleTransferLearn	63277	0	27	0	1474	3	61	60	634
28_slice006_frame012	test	scaled_masks_TR	doubleTransferLearn	63568	0	4	0	1228	15	139	25	557
26_slice008_frame010	test	scaled_masks_TR	doubleTransferLearn	63498	0	133	0	947	27	26	71	834
27_slice013_frame017	test	scaled_masks_TR	doubleTransferLearn	63968	1079	489	0	0	0	0	0	0
27_slice003_frame005	test	scaled_masks_TR	doubleTransferLearn	64501	0	70	0	431	32	20	7	475
26_slice004_frame016	test	scaled_masks_TR	doubleTransferLearn	63855	0	6	0	1039	21	96	32	487
28_slice012_frame001	test	scaled_masks_TR	doubleTransferLearn	63756	0	23	0	1110	44	54	3	546
28_slice012_frame002	test	scaled_masks_TR	doubleTransferLearn	63904	0	60	0	975	45	10	34	508
27_slice007_frame012	test	scaled_masks_TR	doubleTransferLearn	63357	0	53	0	1411	24	74	54	563
28_slice006_frame005	test	scaled_masks_TR	doubleTransferLearn	63761	0	36	0	952	71	40	2	674
27_slice009_frame006	test	scaled_masks_TR	doubleTransferLearn	63805	0	91	0	829	4	24	73	710
28_slice006_frame011	test	scaled_masks_TR	doubleTransferLearn	63676	0	13	0	1105	29	91	42	580
28_slice014_frame014	test	scaled_masks_TR	doubleTransferLearn	65536	0	0	0	0	0	0	0	0
28_slice006_frame013	test	scaled_masks_TR	doubleTransferLearn	63597	0	67	0	1233	10	15	89	525
26_slice001_frame022	test	scaled_masks_TR	doubleTransferLearn	64631	0	93	0	493	13	21	34	251
27_slice009_frame013	test	scaled_masks_TR	doubleTransferLearn	63275	0	40	0	1510	31	52	24	604
26_slice000_frame016	test	scaled_masks_TR	doubleTransferLearn	65516	2	18	0	0	0	0	0	0
26_slice008_frame002	test	scaled_masks_TR	doubleTransferLearn	63026	0	18	0	1590	10	45	61	786
28_slice003_frame014	test	scaled_masks_TR	doubleTransferLearn	64137	0	34	0	789	17	124	50	385
27_slice000_frame011	test	scaled_masks_TR	doubleTransferLearn	65016	0	0	0	191	89	108	0	132
27_slice006_frame004	test	scaled_masks_TR	doubleTransferLearn	63791	0	88	0	928	17	28	50	634
26_slice007_frame010	test	scaled_masks_TR	doubleTransferLearn	63574	0	171	0	963	6	8	36	778
28_slice005_frame014	test	scaled_masks_TR	doubleTransferLearn	63681	0	10	0	1168	83	108	6	480
27_slice001_frame014	test	scaled_masks_TR	doubleTransferLearn	64618	0	3	0	508	32	63	20	292
28_slice013_frame005	test	scaled_masks_TR	doubleTransferLearn	65536	0	0	0	0	0	0	0	0
27_slice013_frame005	test	scaled_masks_TR	doubleTransferLearn	65536	0	0	0	0	0	0	0	0
26_slice003_frame012	test	scaled_masks_TR	doubleTransferLearn	64361	0	131	0	511	16	0	31	486
26_slice005_frame020	test	scaled_masks_TR	doubleTransferLearn	63409	0	12	0	1371	8	54	47	635
27_slice001_frame005	test	scaled_masks_TR	doubleTransferLearn	64774	0	20	0	295	20	25	7	395
28_slice006_frame008	test	scaled_masks_TR	doubleTransferLearn	63847	0	21	0	732	5	68	78	785
28_slice007_frame015	test	scaled_masks_TR	doubleTransferLearn	63393	0	7	0	1397	41	76	17	605
28_slice001_frame003	test	scaled_masks_TR	doubleTransferLearn	64610	0	25	0	366	27	57	8	443
26_slice006_frame018	test	scaled_masks_TR	doubleTransferLearn	63290	0	40	0	1463	29	48	45	621
28_slice005_frame018	test	scaled_masks_TR	doubleTransferLearn	63743	0	45	0	1172	21	16	44	495
26_slice008_frame017	test	scaled_masks_TR	doubleTransferLearn	63044	0	74	0	1585	11	32	52	738
28_slice006_frame014	test	scaled_masks_TR	doubleTransferLearn	63499	0	18	0	1311	3	68	45	592
27_slice002_frame005	test	scaled_masks_TR	doubleTransferLearn	64652	0	117	0	321	42	23	10	371
28_slice007_frame012	test	scaled_masks_TR	doubleTransferLearn	63429	0	29	0	1372	63	75	12	556
26_slice007_frame021	test	scaled_masks_TR	doubleTransferLearn	63090	0	28	0	1586	26	49	57	700
26_slice001_frame024	test	scaled_masks_TR	doubleTransferLearn	64638	0	73	0	495	4	13	45	268
26_slice012_frame013	test	scaled_masks_TR	doubleTransferLearn	63544	0	12	399	572	1	384	108	516
28_slice010_frame000	test	scaled_masks_TR	doubleTransferLearn	63174	0	18	0	1473	29	117	40	685
28_slice010_frame015	test	scaled_masks_TR	doubleTransferLearn	63251	0	6	0	1385	3	112	86	693
28_slice012_frame014	test	scaled_masks_TR	doubleTransferLearn	63709	0	75	0	1150	79	13	6	504
26_slice002_frame008	test	scaled_masks_TR	doubleTransferLearn	64573	0	141	0	365	0	0	91	366
28_slice013_frame007	test	scaled_masks_TR	doubleTransferLearn	65536	0	0	0	0	0	0	0	0
26_slice005_frame008	test	scaled_masks_TR	doubleTransferLearn	63801	0	108	0	815	5	4	53	750
26_slice009_frame005	test	scaled_masks_TR	doubleTransferLearn	63223	0	53	0	1272	14	68	31	875
28_slice008_frame009	test	scaled_masks_TR	doubleTransferLearn	63746	0	9	0	988	18	49	16	710
26_slice003_frame002	test	scaled_masks_TR	doubleTransferLearn	64016	0	134	0	889	17	4	56	420
27_slice003_frame013	test	scaled_masks_TR	doubleTransferLearn	64244	0	14	0	746	59	128	17	328
28_slice005_frame017	test	scaled_masks_TR	doubleTransferLearn	63777	0	52	0	1164	10	20	33	480
26_slice014_frame006	test	scaled_masks_TR	doubleTransferLearn	65536	0	0	0	0	0	0	0	0
26_slice010_frame016	test	scaled_masks_TR	doubleTransferLearn	62876	0	11	0	1608	36	140	11	854
28_slice007_frame011	test	scaled_masks_TR	doubleTransferLearn	63498	0	25	0	1321	40	41	15	596
27_slice012_frame006	test	scaled_masks_TR	doubleTransferLearn	65536	0	0	0	0	0	0	0	0
27_slice002_frame012	test	scaled_masks_TR	doubleTransferLearn	64493	0	34	0	587	7	39	41	335
28_slice013_frame006	test	scaled_masks_TR	doubleTransferLearn	65536	0	0	0	0	0	0	0	0
26_slice004_frame014	test	scaled_masks_TR	doubleTransferLearn	64024	0	70	0	942	14	25	31	430
28_slice001_frame014	test	scaled_masks_TR	doubleTransferLearn	64603	0	35	0	368	42	68	62	358
26_slice012_frame004	test	scaled_masks_TR	doubleTransferLearn	63219	0	97	0	1344	33	23	56	764
27_slice007_frame013	test	scaled_masks_TR	doubleTransferLearn	63351	0	30	0	1432	30	73	39	581
26_slice011_frame006	test	scaled_masks_TR	doubleTransferLearn	63348	0	38	0	1102	15	57	66	910
27_slice011_frame000	test	scaled_masks_TR	doubleTransferLearn	63447	0	0	20	1126	236	351	0	356
28_slice001_frame017	test	scaled_masks_TR	doubleTransferLearn	64647	0	4	0	372	67	125	37	284
28_slice004_frame010	test	scaled_masks_TR	doubleTransferLearn	64105	0	8	0	779	2	92	50	500
26_slice009_frame019	test	scaled_masks_TR	doubleTransferLearn	62912	0	128	0	1613	18	74	67	724
28_slice006_frame002	test	scaled_masks_TR	doubleTransferLearn	63499	0	40	0	1282	80	26	18	591
26_slice008_frame016	test	scaled_masks_TR	doubleTransferLearn	63081	0	64	0	1573	13	29	45	731
26_slice005_frame000	test	scaled_masks_TR	doubleTransferLearn	63415	0	48	0	1425	1	24	53	570
28_slice000_frame015	test	scaled_masks_TR	doubleTransferLearn	64969	0	42	0	240	55	55	0	175
26_slice007_frame024	test	scaled_masks_TR	doubleTransferLearn	63010	0	11	0	1675	11	69	49	711
27_slice000_frame003	test	scaled_masks_TR	doubleTransferLearn	65053	0	27	1	101	96	122	0	136
26_slice014_frame001	test	scaled_masks_TR	doubleTransferLearn	64827	440	269	0	0	0	0	0	0
26_slice013_frame009	test	scaled_masks_TR	doubleTransferLearn	63841	0	0	1100	0	0	595	0	0
27_slice006_frame001	test	scaled_masks_TR	doubleTransferLearn	63558	0	14	0	1193	159	131	1	480
28_slice004_frame002	test	scaled_masks_TR	doubleTransferLearn	63935	0	37	0	918	21	45	24	556
28_slice007_frame001	test	scaled_masks_TR	doubleTransferLearn	63347	0	34	0	1424	34	45	18	634
26_slice004_frame020	test	scaled_masks_TR	doubleTransferLearn	63825	0	55	0	1033	24	52	73	474
26_slice007_frame014	test	scaled_masks_TR	doubleTransferLearn	63314	0	103	0	1296	0	20	150	653
28_slice008_frame000	test	scaled_masks_TR	doubleTransferLearn	63181	0	39	0	1508	65	71	30	642
27_slice009_frame011	test	scaled_masks_TR	doubleTransferLearn	63400	0	23	0	1316	16	41	71	669
26_slice011_frame015	test	scaled_masks_TR	doubleTransferLearn	62911	0	53	0	1572	50	101	11	838
26_slice004_frame024	test	scaled_masks_TR	doubleTransferLearn	63808	0	23	0	1127	25	32	28	493
26_slice013_frame013	test	scaled_masks_TR	doubleTransferLearn	63182	0	67	0	1308	86	47	39	807
26_slice008_frame020	test	scaled_masks_TR	doubleTransferLearn	63006	0	76	0	1594	2	31	82	745
27_slice003_frame015	test	scaled_masks_TR	doubleTransferLearn	64253	0	6	0	761	36	112	18	350
28_slice007_frame013	test	scaled_masks_TR	doubleTransferLearn	63367	0	7	0	1396	58	126	15	567
28_slice009_frame003	test	scaled_masks_TR	doubleTransferLearn	63490	0	4	0	1217	41	76	20	688
26_slice004_frame010	test	scaled_masks_TR	doubleTransferLearn	64192	0	57	0	608	14	12	22	631
26_slice010_frame013	test	scaled_masks_TR	doubleTransferLearn	63300	0	48	0	1180	9	26	44	929
26_slice009_frame001	test	scaled_masks_TR	doubleTransferLearn	62891	0	24	0	1711	17	58	37	798
27_slice006_frame009	test	scaled_masks_TR	doubleTransferLearn	63663	0	38	0	1186	58	37	23	531
26_slice009_frame000	test	scaled_masks_TR	doubleTransferLearn	62843	0	49	0	1755	34	70	28	757
26_slice010_frame010	test	scaled_masks_TR	doubleTransferLearn	63362	0	107	0	909	2	124	65	967
26_slice011_frame020	test	scaled_masks_TR	doubleTransferLearn	62871	0	61	0	1652	48	100	9	795
26_slice000_frame017	test	scaled_masks_TR	doubleTransferLearn	65536	0	0	0	0	0	0	0	0
26_slice004_frame019	test	scaled_masks_TR	doubleTransferLearn	63816	0	39	0	1083	38	68	14	478
26_slice010_frame023	test	scaled_masks_TR	doubleTransferLearn	62789	0	22	0	1738	45	111	39	792
28_slice006_frame018	test	scaled_masks_TR	doubleTransferLearn	63552	0	19	0	1290	58	65	32	520
26_slice013_frame024	test	scaled_masks_TR	doubleTransferLearn	62856	0	13	0	1643	105	68	22	829
26_slice004_frame002	test	scaled_masks_TR	doubleTransferLearn	63869	0	99	0	1051	12	0	27	478
28_slice011_frame012	test	scaled_masks_TR	doubleTransferLearn	63448	0	49	0	1307	24	40	24	644
27_slice013_frame007	test	scaled_masks_TR	doubleTransferLearn	65536	0	0	0	0	0	0	0	0
28_slice012_frame004	test	scaled_masks_TR	doubleTransferLearn	65536	0	0	0	0	0	0	0	0
28_slice012_frame018	test	scaled_masks_TR	doubleTransferLearn	63508	0	36	0	1243	106	48	12	583
26_slice003_frame020	test	scaled_masks_TR	doubleTransferLearn	64010	0	118	0	913	10	25	34	426
28_slice006_frame010	test	scaled_masks_TR	doubleTransferLearn	63824	0	37	0	940	15	32	68	620
27_slice000_frame005	test	scaled_masks_TR	doubleTransferLearn	64979	0	0	6	75	91	288	0	97
27_slice001_frame018	test	scaled_masks_TR	doubleTransferLearn	64516	0	15	0	492	88	124	16	285
27_slice009_frame014	test	scaled_masks_TR	doubleTransferLearn	63155	0	7	0	1492	28	183	45	626
26_slice000_frame022	test	scaled_masks_TR	doubleTransferLearn	65528	0	8	0	0	0	0	0	0
27_slice005_frame012	test	scaled_masks_TR	doubleTransferLearn	63712	0	14	0	1168	74	134	6	428
27_slice009_frame016	test	scaled_masks_TR	doubleTransferLearn	63189	0	27	0	1510	19	120	46	625
28_slice009_frame018	test	scaled_masks_TR	doubleTransferLearn	63091	0	4	0	1499	8	129	80	725
26_slice013_frame011	test	scaled_masks_TR	doubleTransferLearn	63626	0	0	1387	0	0	523	0	0
28_slice002_frame012	test	scaled_masks_TR	doubleTransferLearn	64397	0	7	0	622	54	114	27	315
26_slice012_frame016	test	scaled_masks_TR	doubleTransferLearn	62965	0	31	0	1458	81	108	20	873
27_slice001_frame013	test	scaled_masks_TR	doubleTransferLearn	64623	0	7	0	532	33	41	11	289
26_slice008_frame019	test	scaled_masks_TR	doubleTransferLearn	63027	0	85	0	1612	1	28	50	733
28_slice012_frame003	test	scaled_masks_TR	doubleTransferLearn	64081	0	26	0	927	61	30	14	397
26_slice000_frame012	test	scaled_masks_TR	doubleTransferLearn	65536	0	0	0	0	0	0	0	0
26_slice009_frame002	test	scaled_masks_TR	doubleTransferLearn	62896	0	56	0	1650	26	102	24	782
26_slice014_frame017	test	scaled_masks_TR	doubleTransferLearn	65536	0	0	0	0	0	0	0	0
27_slice008_frame009	test	scaled_masks_TR	doubleTransferLearn	63562	0	27	0	1128	129	78	15	597
27_slice002_frame007	test	scaled_masks_TR	doubleTransferLearn	64632	0	116	0	235	63	14	7	469
28_slice003_frame015	test	scaled_masks_TR	doubleTransferLearn	64125	0	8	0	824	18	106	26	429
28_slice011_frame017	test	scaled_masks_TR	doubleTransferLearn	63318	0	14	0	1396	72	80	16	640
27_slice012_frame003	test	scaled_masks_TR	doubleTransferLearn	65531	0	5	0	0	0	0	0	0
28_slice013_frame017	test	scaled_masks_TR	doubleTransferLearn	63914	0	31	523	505	2	341	18	202
28_slice011_frame013	test	scaled_masks_TR	doubleTransferLearn	63460	0	18	0	1312	46	53	26	621
26_slice014_frame012	test	scaled_masks_TR	doubleTransferLearn	65536	0	0	0	0	0	0	0	0
27_slice007_frame016	test	scaled_masks_TR	doubleTransferLearn	63335	0	37	0	1433	40	74	45	572
28_slice003_frame012	test	scaled_masks_TR	doubleTransferLearn	64254	0	45	0	780	17	23	46	371
26_slice012_frame003	test	scaled_masks_TR	doubleTransferLearn	63077	0	80	0	1459	76	62	19	763
26_slice014_frame020	test	scaled_masks_TR	doubleTransferLearn	65536	0	0	0	0	0	0	0	0
27_slice011_frame002	test	scaled_masks_TR	doubleTransferLearn	63519	0	4	5	894	368	424	16	306
27_slice000_frame000	test	scaled_masks_TR	doubleTransferLearn	65026	0	0	0	164	73	124	1	148
26_slice000_frame009	test	scaled_masks_TR	doubleTransferLearn	65536	0	0	0	0	0	0	0	0
26_slice014_frame003	test	scaled_masks_TR	doubleTransferLearn	65536	0	0	0	0	0	0	0	0
26_slice002_frame021	test	scaled_masks_TR	doubleTransferLearn	64331	0	27	0	731	51	23	22	351
26_slice007_frame023	test	scaled_masks_TR	doubleTransferLearn	63034	0	24	0	1660	31	75	44	668
27_slice009_frame009	test	scaled_masks_TR	doubleTransferLearn	63689	0	51	0	998	72	27	21	678
26_slice007_frame020	test	scaled_masks_TR	doubleTransferLearn	63103	0	47	0	1578	16	48	47	697
28_slice011_frame002	test	scaled_masks_TR	doubleTransferLearn	63688	0	54	0	1084	52	40	25	593
26_slice002_frame019	test	scaled_masks_TR	doubleTransferLearn	64294	0	48	0	741	6	42	28	377
26_slice003_frame021	test	scaled_masks_TR	doubleTransferLearn	64030	0	135	0	922	22	5	29	393
27_slice005_frame006	test	scaled_masks_TR	doubleTransferLearn	64034	0	205	0	674	58	4	10	551
27_slice012_frame017	test	scaled_masks_TR	doubleTransferLearn	63478	0	14	0	1277	49	72	46	600
28_slice002_frame016	test	scaled_masks_TR	doubleTransferLearn	64441	0	57	0	582	67	120	8	261
26_slice011_frame010	test	scaled_masks_TR	doubleTransferLearn	63471	0	17	0	826	0	59	154	1009
28_slice003_frame011	test	scaled_masks_TR	doubleTransferLearn	64274	0	88	0	745	23	15	24	367
26_slice013_frame015	test	scaled_masks_TR	doubleTransferLearn	62980	0	12	0	1466	116	112	17	833
27_slice004_frame003	test	scaled_masks_TR	doubleTransferLearn	64072	0	35	0	829	129	49	0	422
28_slice002_frame001	test	scaled_masks_TR	doubleTransferLearn	64328	0	1	0	554	40	195	15	403
26_slice012_frame014	test	scaled_masks_TR	doubleTransferLearn	63195	0	94	0	1285	49	65	35	813
27_slice007_frame006	test	scaled_masks_TR	doubleTransferLearn	63744	0	23	0	850	52	59	37	771
27_slice012_frame011	test	scaled_masks_TR	doubleTransferLearn	63527	0	24	6	1210	136	204	13	416
28_slice000_frame001	test	scaled_masks_TR	doubleTransferLearn	64902	0	42	34	157	83	140	7	171
28_slice000_frame012	test	scaled_masks_TR	doubleTransferLearn	64871	0	6	0	264	64	126	5	200
28_slice002_frame019	test	scaled_masks_TR	doubleTransferLearn	64447	0	69	0	624	20	15	29	332
26_slice000_frame023	test	scaled_masks_TR	doubleTransferLearn	65530	0	6	0	0	0	0	0	0
27_slice003_frame010	test	scaled_masks_TR	doubleTransferLearn	64424	0	7	3	629	108	89	0	276
26_slice005_frame003	test	scaled_masks_TR	doubleTransferLearn	63519	0	9	0	1247	10	45	51	655
26_slice003_frame024	test	scaled_masks_TR	doubleTransferLearn	63949	0	15	0	969	28	57	19	499
27_slice002_frame001	test	scaled_masks_TR	doubleTransferLearn	64468	0	61	0	616	71	8	1	311
26_slice002_frame015	test	scaled_masks_TR	doubleTransferLearn	64375	0	0	0	659	32	91	17	362
28_slice003_frame010	test	scaled_masks_TR	doubleTransferLearn	64346	0	21	0	615	65	48	15	426
26_slice007_frame011	test	scaled_masks_TR	doubleTransferLearn	63524	0	111	0	1033	22	16	67	763
27_slice007_frame015	test	scaled_masks_TR	doubleTransferLearn	63258	0	23	0	1422	31	162	61	579
28_slice007_frame008	test	scaled_masks_TR	doubleTransferLearn	63763	0	0	0	936	30	98	20	689
26_slice010_frame007	test	scaled_masks_TR	doubleTransferLearn	63365	0	74	0	1014	6	35	83	959
28_slice007_frame010	test	scaled_masks_TR	doubleTransferLearn	63519	0	15	0	1226	40	93	35	608
28_slice011_frame008	test	scaled_masks_TR	doubleTransferLearn	64152	0	48	0	740	7	67	32	490
26_slice010_frame021	test	scaled_masks_TR	doubleTransferLearn	62770	0	35	0	1661	75	179	29	787
28_slice005_frame019	test	scaled_masks_TR	doubleTransferLearn	63665	0	35	0	1225	21	36	36	518
27_slice009_frame003	test	scaled_masks_TR	doubleTransferLearn	63430	0	20	0	1283	25	43	59	676
27_slice008_frame010	test	scaled_masks_TR	doubleTransferLearn	63444	0	25	0	1292	55	82	19	619
26_slice004_frame021	test	scaled_masks_TR	doubleTransferLearn	63844	0	45	0	1053	16	48	38	492
27_slice005_frame016	test	scaled_masks_TR	doubleTransferLearn	63738	0	18	0	1151	34	78	36	481
27_slice011_frame010	test	scaled_masks_TR	doubleTransferLearn	63379	0	2	0	1197	185	173	35	565
27_slice010_frame013	test	scaled_masks_TR	doubleTransferLearn	63257	0	30	0	1518	5	41	36	649
26_slice007_frame000	test	scaled_masks_TR	doubleTransferLearn	63051	0	18	0	1686	38	60	6	677
27_slice009_frame000	test	scaled_masks_TR	doubleTransferLearn	63075	0	14	0	1596	36	82	26	707
27_slice009_frame017	test	scaled_masks_TR	doubleTransferLearn	63207	0	10	0	1510	8	88	57	656
27_slice013_frame008	test	scaled_masks_TR	doubleTransferLearn	65536	0	0	0	0	0	0	0	0
26_slice005_frame002	test	scaled_masks_TR	doubleTransferLearn	63447	0	35	0	1347	9	40	42	616
28_slice004_frame014	test	scaled_masks_TR	doubleTransferLearn	63924	0	24	0	1022	61	64	14	427
27_slice013_frame001	test	scaled_masks_TR	doubleTransferLearn	64865	438	233	0	0	0	0	0	0
28_slice006_frame019	test	scaled_masks_TR	doubleTransferLearn	63445	0	1	0	1296	30	138	49	577
28_slice002_frame008	test	scaled_masks_TR	doubleTransferLearn	64658	0	93	0	216	16	36	51	466
26_slice003_frame003	test	scaled_masks_TR	doubleTransferLearn	64069	0	121	0	833	1	1	58	453
26_slice012_frame022	test	scaled_masks_TR	doubleTransferLearn	62791	0	12	0	1703	43	104	29	854
26_slice007_frame004	test	scaled_masks_TR	doubleTransferLearn	63302	0	8	0	1376	47	57	10	736
26_slice013_frame017	test	scaled_masks_TR	doubleTransferLearn	63049	0	64	0	1484	78	33	65	763
28_slice010_frame011	test	scaled_masks_TR	doubleTransferLearn	63449	0	0	0	1236	15	93	59	684
26_slice008_frame018	test	scaled_masks_TR	doubleTransferLearn	63043	0	67	0	1595	13	12	64	742
26_slice002_frame003	test	scaled_masks_TR	doubleTransferLearn	64372	0	33	0	677	7	17	47	383
27_slice006_frame013	test	scaled_masks_TR	doubleTransferLearn	63490	0	58	0	1302	18	104	47	517
26_slice000_frame008	test	scaled_masks_TR	doubleTransferLearn	65536	0	0	0	0	0	0	0	0
27_slice003_frame008	test	scaled_masks_TR	doubleTransferLearn	64437	0	35	0	366	80	77	0	541
26_slice000_frame004	test	scaled_masks_TR	doubleTransferLearn	65517	3	16	0	0	0	0	0	0
27_slice006_frame006	test	scaled_masks_TR	doubleTransferLearn	63743	0	25	0	879	55	101	108	625
26_slice014_frame004	test	scaled_masks_TR	doubleTransferLearn	65536	0	0	0	0	0	0	0	0
27_slice010_frame009	test	scaled_masks_TR	doubleTransferLearn	63643	0	115	0	961	1	50	101	665
28_slice006_frame016	test	scaled_masks_TR	doubleTransferLearn	63517	0	13	0	1294	33	81	40	558
28_slice012_frame009	test	scaled_masks_TR	doubleTransferLearn	65536	0	0	0	0	0	0	0	0
28_slice014_frame007	test	scaled_masks_TR	doubleTransferLearn	65536	0	0	0	0	0	0	0	0
26_slice000_frame005	test	scaled_masks_TR	doubleTransferLearn	65536	0	0	0	0	0	0	0	0
27_slice008_frame004	test	scaled_masks_TR	doubleTransferLearn	63576	0	27	0	1157	74	26	26	650
26_slice004_frame006	test	scaled_masks_TR	doubleTransferLearn	64085	0	60	0	730	38	38	15	570
26_slice002_frame009	test	scaled_masks_TR	doubleTransferLearn	64572	0	108	0	363	0	6	48	439
28_slice003_frame005	test	scaled_masks_TR	doubleTransferLearn	64343	0	67	0	508	1	11	57	549
28_slice010_frame003	test	scaled_masks_TR	doubleTransferLearn	63637	0	91	0	1038	26	16	73	655
26_slice014_frame014	test	scaled_masks_TR	doubleTransferLearn	65536	0	0	0	0	0	0	0	0
28_slice010_frame019	test	scaled_masks_TR	doubleTransferLearn	63212	0	50	0	1469	15	56	93	641
27_slice009_frame001	test	scaled_masks_TR	doubleTransferLearn	63146	0	6	0	1551	21	66	56	690
28_slice004_frame012	test	scaled_masks_TR	doubleTransferLearn	63966	0	9	0	947	22	89	39	464
28_slice001_frame018	test	scaled_masks_TR	doubleTransferLearn	64644	0	1	5	398	91	114	27	256
26_slice012_frame010	test	scaled_masks_TR	doubleTransferLearn	63815	0	52	650	338	8	226	72	375
26_slice006_frame024	test	scaled_masks_TR	doubleTransferLearn	63227	0	31	0	1541	15	19	61	642
26_slice007_frame015	test	scaled_masks_TR	doubleTransferLearn	63241	0	46	0	1477	2	20	65	685
28_slice010_frame007	test	scaled_masks_TR	doubleTransferLearn	63949	0	103	0	728	3	31	55	667
27_slice010_frame011	test	scaled_masks_TR	doubleTransferLearn	63252	0	22	0	1465	46	66	46	639
26_slice010_frame020	test	scaled_masks_TR	doubleTransferLearn	62831	0	80	0	1658	84	137	3	743
27_slice001_frame015	test	scaled_masks_TR	doubleTransferLearn	64578	0	12	0	500	39	93	20	294
27_slice012_frame009	test	scaled_masks_TR	doubleTransferLearn	65536	0	0	0	0	0	0	0	0
27_slice005_frame018	test	scaled_masks_TR	doubleTransferLearn	63765	0	63	0	1186	55	35	9	423
26_slice001_frame011	test	scaled_masks_TR	doubleTransferLearn	64869	0	137	0	171	0	13	82	264
26_slice000_frame019	test	scaled_masks_TR	doubleTransferLearn	65524	0	12	0	0	0	0	0	0
26_slice013_frame008	test	scaled_masks_TR	doubleTransferLearn	63773	0	0	1207	0	0	556	0	0
26_slice002_frame016	test	scaled_masks_TR	doubleTransferLearn	64408	0	12	0	665	25	25	25	376
27_slice000_frame013	test	scaled_masks_TR	doubleTransferLearn	65002	0	22	0	205	61	74	5	167
27_slice006_frame010	test	scaled_masks_TR	doubleTransferLearn	63625	0	37	0	1239	39	47	29	520
28_slice011_frame001	test	scaled_masks_TR	doubleTransferLearn	63589	0	41	0	1239	32	18	34	583
28_slice013_frame008	test	scaled_masks_TR	doubleTransferLearn	65536	0	0	0	0	0	0	0	0
28_slice014_frame012	test	scaled_masks_TR	doubleTransferLearn	65536	0	0	0	0	0	0	0	0
26_slice010_frame008	test	scaled_masks_TR	doubleTransferLearn	63334	0	94	0	968	33	112	46	949
27_slice003_frame018	test	scaled_masks_TR	doubleTransferLearn	64260	0	43	0	757	68	71	13	324
26_slice002_frame010	test	scaled_masks_TR	doubleTransferLearn	64570	0	100	0	323	0	1	62	480
27_slice011_frame007	test	scaled_masks_TR	doubleTransferLearn	65335	83	118	0	0	0	0	0	0
27_slice007_frame002	test	scaled_masks_TR	doubleTransferLearn	63405	0	74	0	1341	30	37	29	620
27_slice000_frame012	test	scaled_masks_TR	doubleTransferLearn	64990	0	0	0	205	69	98	0	174
27_slice005_frame004	test	scaled_masks_TR	doubleTransferLearn	63975	0	76	0	842	53	2	3	585
27_slice006_frame007	test	scaled_masks_TR	doubleTransferLearn	63813	0	121	0	860	0	7	180	555
28_slice003_frame016	test	scaled_masks_TR	doubleTransferLearn	64085	0	8	0	823	31	153	27	409
28_slice012_frame012	test	scaled_masks_TR	doubleTransferLearn	63671	0	43	0	1133	102	36	6	545
27_slice010_frame004	test	scaled_masks_TR	doubleTransferLearn	63696	0	40	0	931	15	47	122	685
26_slice009_frame003	test	scaled_masks_TR	doubleTransferLearn	62991	0	29	0	1519	19	103	61	814
28_slice002_frame015	test	scaled_masks_TR	doubleTransferLearn	64502	0	38	0	580	26	44	17	329
28_slice006_frame001	test	scaled_masks_TR	doubleTransferLearn	63454	0	17	0	1306	20	49	70	620
26_slice000_frame007	test	scaled_masks_TR	doubleTransferLearn	65536	0	0	0	0	0	0	0	0
26_slice011_frame014	test	scaled_masks_TR	doubleTransferLearn	62945	0	27	0	1434	53	166	8	903
27_slice007_frame017	test	scaled_masks_TR	doubleTransferLearn	63300	0	34	0	1435	23	108	37	599
26_slice004_frame015	test	scaled_masks_TR	doubleTransferLearn	63899	0	37	0	1005	8	82	37	468
27_slice012_frame016	test	scaled_masks_TR	doubleTransferLearn	63504	0	2	0	1236	16	75	68	635
27_slice011_frame006	test	scaled_masks_TR	doubleTransferLearn	65530	2	4	0	0	0	0	0	0
28_slice012_frame005	test	scaled_masks_TR	doubleTransferLearn	65536	0	0	0	0	0	0	0	0
26_slice006_frame007	test	scaled_masks_TR	doubleTransferLearn	63629	0	108	0	1002	16	8	9	764
26_slice006_frame012	test	scaled_masks_TR	doubleTransferLearn	63581	0	58	0	1041	7	37	53	759
26_slice013_frame022	test	scaled_masks_TR	doubleTransferLearn	62815	0	16	0	1607	76	156	27	839
28_slice003_frame009	test	scaled_masks_TR	doubleTransferLearn	64385	0	10	0	488	13	57	21	562
26_slice007_frame006	test	scaled_masks_TR	doubleTransferLearn	63489	0	78	0	1091	15	13	52	798
27_slice011_frame003	test	scaled_masks_TR	doubleTransferLearn	63708	0	5	0	986	152	148	7	530
27_slice003_frame019	test	scaled_masks_TR	doubleTransferLearn	64256	0	63	0	777	48	31	25	336
26_slice007_frame009	test	scaled_masks_TR	doubleTransferLearn	63608	0	125	0	891	10	2	28	872
28_slice013_frame003	test	scaled_masks_TR	doubleTransferLearn	65536	0	0	0	0	0	0	0	0
27_slice000_frame006	test	scaled_masks_TR	doubleTransferLearn	65055	0	0	111	1	9	330	0	30
28_slice008_frame011	test	scaled_masks_TR	doubleTransferLearn	63465	0	35	0	1310	64	36	22	604
27_slice003_frame006	test	scaled_masks_TR	doubleTransferLearn	64511	0	77	0	371	23	11	10	533
26_slice003_frame016	test	scaled_masks_TR	doubleTransferLearn	64098	0	65	0	843	11	27	51	441
26_slice006_frame009	test	scaled_masks_TR	doubleTransferLearn	63668	0	139	0	888	13	2	26	800
28_slice005_frame010	test	scaled_masks_TR	doubleTransferLearn	63952	0	50	0	919	9	46	37	523
26_slice011_frame007	test	scaled_masks_TR	doubleTransferLearn	63444	0	136	0	1030	3	31	75	817
27_slice010_frame006	test	scaled_masks_TR	doubleTransferLearn	63943	0	31	0	792	1	51	50	668
28_slice009_frame010	test	scaled_masks_TR	doubleTransferLearn	63556	0	32	0	1191	83	47	15	612
26_slice010_frame011	test	scaled_masks_TR	doubleTransferLearn	63422	0	73	0	924	3	39	62	1013
28_slice007_frame019	test	scaled_masks_TR	doubleTransferLearn	63282	0	37	0	1455	38	104	19	601
27_slice005_frame003	test	scaled_masks_TR	doubleTransferLearn	63888	0	69	0	979	60	8	5	527
26_slice014_frame011	test	scaled_masks_TR	doubleTransferLearn	65536	0	0	0	0	0	0	0	0
27_slice011_frame018	test	scaled_masks_TR	doubleTransferLearn	63208	0	0	22	1178	369	288	4	467
27_slice000_frame019	test	scaled_masks_TR	doubleTransferLearn	64916	0	0	4	177	140	217	0	82
26_slice001_frame020	test	scaled_masks_TR	doubleTransferLearn	64626	0	77	0	454	1	29	58	291
28_slice007_frame014	test	scaled_masks_TR	doubleTransferLearn	63360	0	3	0	1393	29	125	20	606
27_slice008_frame012	test	scaled_masks_TR	doubleTransferLearn	63319	0	39	0	1474	61	39	28	576
26_slice008_frame015	test	scaled_masks_TR	doubleTransferLearn	63125	0	52	0	1518	55	57	29	700
27_slice002_frame003	test	scaled_masks_TR	doubleTransferLearn	64590	0	105	0	479	32	15	9	306
27_slice008_frame011	test	scaled_masks_TR	doubleTransferLearn	63402	0	27	0	1384	14	43	44	622
27_slice011_frame005	test	scaled_masks_TR	doubleTransferLearn	65194	235	107	0	0	0	0	0	0
26_slice010_frame005	test	scaled_masks_TR	doubleTransferLearn	63146	0	42	0	1288	20	109	48	883
26_slice011_frame004	test	scaled_masks_TR	doubleTransferLearn	63161	0	70	0	1351	31	58	35	830
26_slice004_frame023	test	scaled_masks_TR	doubleTransferLearn	63795	0	11	0	1101	29	68	36	496
26_slice010_frame014	test	scaled_masks_TR	doubleTransferLearn	63122	0	66	0	1381	50	75	7	835
27_slice002_frame013	test	scaled_masks_TR	doubleTransferLearn	64476	0	23	0	641	37	22	26	311
27_slice005_frame017	test	scaled_masks_TR	doubleTransferLearn	63764	0	36	0	1174	26	42	15	479
27_slice012_frame015	test	scaled_masks_TR	doubleTransferLearn	63501	0	14	0	1250	9	60	61	641
28_slice011_frame009	test	scaled_masks_TR	doubleTransferLearn	63954	0	107	0	820	9	60	38	548
26_slice004_frame004	test	scaled_masks_TR	doubleTransferLearn	64005	0	64	0	882	17	14	28	526
26_slice008_frame013	test	scaled_masks_TR	doubleTransferLearn	63362	0	131	0	1167	5	17	96	758
28_slice011_frame014	test	scaled_masks_TR	doubleTransferLearn	63419	0	6	0	1337	63	98	16	597
26_slice005_frame024	test	scaled_masks_TR	doubleTransferLearn	63426	0	85	0	1413	2	4	73	533
26_slice000_frame020	test	scaled_masks_TR	doubleTransferLearn	65490	12	34	0	0	0	0	0	0
27_slice002_frame008	test	scaled_masks_TR	doubleTransferLearn	64637	0	119	0	290	29	25	15	421
27_slice010_frame015	test	scaled_masks_TR	doubleTransferLearn	63173	0	9	0	1516	3	95	55	685
28_slice001_frame002	test	scaled_masks_TR	doubleTransferLearn	64573	0	31	0	375	15	88	33	421
27_slice003_frame003	test	scaled_masks_TR	doubleTransferLearn	64410	0	12	0	594	81	65	1	373
27_slice011_frame019	test	scaled_masks_TR	doubleTransferLearn	63381	0	1	75	1141	276	262	14	386
27_slice013_frame006	test	scaled_masks_TR	doubleTransferLearn	65536	0	0	0	0	0	0	0	0
28_slice009_frame019	test	scaled_masks_TR	doubleTransferLearn	63064	0	28	0	1560	9	111	52	712
28_slice014_frame010	test	scaled_masks_TR	doubleTransferLearn	65536	0	0	0	0	0	0	0	0
26_slice008_frame005	test	scaled_masks_TR	doubleTransferLearn	63271	0	38	0	1235	3	92	56	841
27_slice003_frame001	test	scaled_masks_TR	doubleTransferLearn	64240	0	37	0	749	77	53	15	365
27_slice011_frame011	test	scaled_masks_TR	doubleTransferLearn	63383	0	23	0	1297	38	77	34	684
27_slice003_frame004	test	scaled_masks_TR	doubleTransferLearn	64487	0	36	0	488	37	55	16	417
26_slice003_frame008	test	scaled_masks_TR	doubleTransferLearn	64341	0	128	0	479	36	0	26	526
26_slice012_frame000	test	scaled_masks_TR	doubleTransferLearn	62772	0	8	0	1710	80	137	16	813
27_slice003_frame002	test	scaled_masks_TR	doubleTransferLearn	64342	0	42	0	680	68	23	7	374
28_slice005_frame004	test	scaled_masks_TR	doubleTransferLearn	63856	0	61	0	949	38	29	19	584
26_slice001_frame014	test	scaled_masks_TR	doubleTransferLearn	64749	0	20	0	403	32	49	39	244
27_slice013_frame002	test	scaled_masks_TR	doubleTransferLearn	65536	0	0	0	0	0	0	0	0
26_slice005_frame011	test	scaled_masks_TR	doubleTransferLearn	63780	0	115	0	867	0	7	96	671
26_slice003_frame022	test	scaled_masks_TR	doubleTransferLearn	63979	0	103	0	918	26	49	42	419
28_slice007_frame016	test	scaled_masks_TR	doubleTransferLearn	63347	0	3	0	1403	61	128	12	582
28_slice014_frame011	test	scaled_masks_TR	doubleTransferLearn	65536	0	0	0	0	0	0	0	0
27_slice012_frame002	test	scaled_masks_TR	doubleTransferLearn	63598	0	0	1328	0	0	610	0	0
26_slice006_frame017	test	scaled_masks_TR	doubleTransferLearn	63340	0	26	0	1434	16	27	41	652
27_slice001_frame009	test	scaled_masks_TR	doubleTransferLearn	64788	0	12	0	409	28	27	15	257
27_slice004_frame007	test	scaled_masks_TR	doubleTransferLearn	64224	0	166	0	500	51	5	18	572
28_slice009_frame015	test	scaled_masks_TR	doubleTransferLearn	63218	0	7	0	1467	12	94	48	690
27_slice004_frame010	test	scaled_masks_TR	doubleTransferLearn	64128	0	5	0	851	51	109	4	388
28_slice013_frame014	test	scaled_masks_TR	doubleTransferLearn	64099	0	10	59	901	8	143	32	284
26_slice004_frame009	test	scaled_masks_TR	doubleTransferLearn	64205	0	77	0	568	12	7	25	642
26_slice013_frame018	test	scaled_masks_TR	doubleTransferLearn	62990	0	46	0	1540	38	48	51	823
26_slice001_frame002	test	scaled_masks_TR	doubleTransferLearn	64623	0	96	0	481	3	2	54	277
27_slice004_frame016	test	scaled_masks_TR	doubleTransferLearn	63955	0	12	0	969	70	123	16	391
26_slice002_frame005	test	scaled_masks_TR	doubleTransferLearn	64488	0	57	0	536	0	12	65	378
26_slice010_frame000	test	scaled_masks_TR	doubleTransferLearn	62807	0	49	0	1739	26	101	40	774
26_slice014_frame015	test	scaled_masks_TR	doubleTransferLearn	65536	0	0	0	0	0	0	0	0
27_slice004_frame002	test	scaled_masks_TR	doubleTransferLearn	64017	0	58	0	935	40	18	7	461
28_slice006_frame000	test	scaled_masks_TR	doubleTransferLearn	63423	0	26	0	1351	15	94	43	584
27_slice011_frame016	test	scaled_masks_TR	doubleTransferLearn	63310	0	12	0	1374	83	113	9	635
27_slice010_frame002	test	scaled_masks_TR	doubleTransferLearn	63357	0	23	0	1419	58	49	36	594
27_slice004_frame019	test	scaled_masks_TR	doubleTransferLearn	63974	0	100	0	971	7	5	77	402
28_slice002_frame018	test	scaled_masks_TR	doubleTransferLearn	64406	0	40	0	611	19	80	23	357
26_slice012_frame015	test	scaled_masks_TR	doubleTransferLearn	63083	0	43	0	1357	4	59	26	964
28_slice000_frame004	test	scaled_masks_TR	doubleTransferLearn	65076	0	96	0	77	22	76	5	184
27_slice010_frame017	test	scaled_masks_TR	doubleTransferLearn	63235	0	34	0	1525	7	36	31	668
26_slice001_frame001	test	scaled_masks_TR	doubleTransferLearn	64623	0	44	0	512	10	24	30	293
26_slice005_frame019	test	scaled_masks_TR	doubleTransferLearn	63469	0	36	0	1373	1	4	44	609
27_slice008_frame002	test	scaled_masks_TR	doubleTransferLearn	63324	0	35	0	1447	84	13	10	623
28_slice003_frame007	test	scaled_masks_TR	doubleTransferLearn	64393	0	42	0	422	2	28	44	605
26_slice004_frame000	test	scaled_masks_TR	doubleTransferLearn	63824	0	104	0	1102	4	4	50	448
26_slice013_frame020	test	scaled_masks_TR	doubleTransferLearn	62964	0	40	0	1516	23	65	61	867
27_slice005_frame001	test	scaled_masks_TR	doubleTransferLearn	63722	0	32	0	1156	82	53	20	471
26_slice001_frame009	test	scaled_masks_TR	doubleTransferLearn	64820	0	120	0	232	0	17	60	287
28_slice012_frame007	test	scaled_masks_TR	doubleTransferLearn	65536	0	0	0	0	0	0	0	0
26_slice013_frame005	test	scaled_masks_TR	doubleTransferLearn	63500	0	36	141	978	130	310	7	434
27_slice007_frame004	test	scaled_masks_TR	doubleTransferLearn	63627	0	16	0	1072	95	63	5	658
27_slice001_frame004	test	scaled_masks_TR	doubleTransferLearn	64751	0	81	0	308	88	48	13	247
27_slice013_frame019	test	scaled_masks_TR	doubleTransferLearn	63600	0	17	194	1002	132	299	16	276
28_slice000_frame003	test	scaled_masks_TR	doubleTransferLearn	64963	0	61	0	76	26	87	27	296
26_slice008_frame003	test	scaled_masks_TR	doubleTransferLearn	63130	0	20	0	1477	5	48	63	793
28_slice013_frame015	test	scaled_masks_TR	doubleTransferLearn	64020	0	0	984	0	0	532	0	0
26_slice009_frame011	test	scaled_masks_TR	doubleTransferLearn	63451	0	175	0	987	11	14	39	859
26_slice011_frame003	test	scaled_masks_TR	doubleTransferLearn	62984	0	74	0	1484	11	96	65	822
26_slice002_frame000	test	scaled_masks_TR	doubleTransferLearn	64298	0	69	0	747	17	21	45	339
26_slice010_frame022	test	scaled_masks_TR	doubleTransferLearn	62769	0	66	0	1708	75	148	28	742
28_slice002_frame002	test	scaled_masks_TR	doubleTransferLearn	64468	0	63	0	526	43	26	19	391
28_slice013_frame018	test	scaled_masks_TR	doubleTransferLearn	63792	0	21	0	1059	13	61	28	562
26_slice012_frame002	test	scaled_masks_TR	doubleTransferLearn	62934	0	21	0	1619	43	66	37	816
26_slice003_frame019	test	scaled_masks_TR	doubleTransferLearn	63983	0	35	0	929	29	47	24	489
28_slice006_frame004	test	scaled_masks_TR	doubleTransferLearn	63609	0	3	0	1066	109	88	5	656
26_slice008_frame004	test	scaled_masks_TR	doubleTransferLearn	63152	0	43	0	1381	17	94	29	820
28_slice007_frame009	test	scaled_masks_TR	doubleTransferLearn	63637	0	3	0	1031	74	175	1	615
28_slice000_frame009	test	scaled_masks_TR	doubleTransferLearn	65100	0	0	165	0	0	271	0	0
28_slice000_frame016	test	scaled_masks_TR	doubleTransferLearn	64956	0	0	0	206	67	155	0	152
28_slice011_frame018	test	scaled_masks_TR	doubleTransferLearn	63303	0	0	0	1391	129	91	20	602
28_slice002_frame009	test	scaled_masks_TR	doubleTransferLearn	64593	0	29	0	345	14	72	41	442
26_slice005_frame005	test	scaled_masks_TR	doubleTransferLearn	63692	0	80	0	997	2	16	94	655
26_slice014_frame021	test	scaled_masks_TR	doubleTransferLearn	65536	0	0	0	0	0	0	0	0
27_slice012_frame010	test	scaled_masks_TR	doubleTransferLearn	65536	0	0	0	0	0	0	0	0
28_slice013_frame019	test	scaled_masks_TR	doubleTransferLearn	63810	0	73	0	1049	10	12	33	549
28_slice008_frame018	test	scaled_masks_TR	doubleTransferLearn	63249	0	48	0	1498	47	29	46	619
26_slice003_frame015	test	scaled_masks_TR	doubleTransferLearn	64137	0	87	0	839	33	14	32	394
26_slice003_frame009	test	scaled_masks_TR	doubleTransferLearn	64345	0	189	0	458	23	9	8	504
27_slice004_frame018	test	scaled_masks_TR	doubleTransferLearn	64013	0	78	0	950	10	7	68	410
28_slice005_frame012	test	scaled_masks_TR	doubleTransferLearn	63802	0	32	0	1086	21	68	48	479
27_slice009_frame002	test	scaled_masks_TR	doubleTransferLearn	63280	0	4	0	1452	13	43	42	702
26_slice009_frame018	test	scaled_masks_TR	doubleTransferLearn	62946	0	128	0	1593	2	62	75	730
27_slice000_frame016	test	scaled_masks_TR	doubleTransferLearn	64939	0	0	2	224	95	122	0	154
26_slice007_frame013	test	scaled_masks_TR	doubleTransferLearn	63407	0	74	0	1167	8	14	91	775
27_slice011_frame009	test	scaled_masks_TR	doubleTransferLearn	63446	0	2	77	959	338	361	33	320
27_slice011_frame017	test	scaled_masks_TR	doubleTransferLearn	63304	0	9	0	1357	175	133	3	555
27_slice013_frame009	test	scaled_masks_TR	doubleTransferLearn	65536	0	0	0	0	0	0	0	0
27_slice006_frame019	test	scaled_masks_TR	doubleTransferLearn	63481	0	4	0	1172	57	175	51	596
27_slice000_frame004	test	scaled_masks_TR	doubleTransferLearn	65100	0	0	0	79	77	167	0	113
27_slice007_frame003	test	scaled_masks_TR	doubleTransferLearn	63544	0	40	0	1191	34	35	26	666
26_slice009_frame004	test	scaled_masks_TR	doubleTransferLearn	63050	0	13	0	1413	93	161	20	786
28_slice005_frame015	test	scaled_masks_TR	doubleTransferLearn	63683	0	12	0	1165	26	66	41	543
26_slice010_frame012	test	scaled_masks_TR	doubleTransferLearn	63407	0	59	0	942	0	32	97	999
26_slice014_frame002	test	scaled_masks_TR	doubleTransferLearn	65536	0	0	0	0	0	0	0	0
26_slice011_frame001	test	scaled_masks_TR	doubleTransferLearn	62802	0	44	0	1712	15	98	44	821
28_slice013_frame009	test	scaled_masks_TR	doubleTransferLearn	65536	0	0	0	0	0	0	0	0
26_slice013_frame004	test	scaled_masks_TR	doubleTransferLearn	63367	0	41	0	1131	60	75	108	754
27_slice013_frame003	test	scaled_masks_TR	doubleTransferLearn	65536	0	0	0	0	0	0	0	0
28_slice012_frame015	test	scaled_masks_TR	doubleTransferLearn	63619	0	27	0	1188	81	52	4	565
28_slice001_frame013	test	scaled_masks_TR	doubleTransferLearn	64681	0	81	0	392	69	22	29	262
28_slice010_frame004	test	scaled_masks_TR	doubleTransferLearn	63799	0	84	0	854	34	3	102	660
27_slice006_frame000	test	scaled_masks_TR	doubleTransferLearn	63503	0	19	0	1236	159	141	10	468
26_slice000_frame010	test	scaled_masks_TR	doubleTransferLearn	65536	0	0	0	0	0	0	0	0
26_slice000_frame013	test	scaled_masks_TR	doubleTransferLearn	65536	0	0	0	0	0	0	0	0
26_slice010_frame017	test	scaled_masks_TR	doubleTransferLearn	62840	0	35	0	1626	31	131	37	836
26_slice006_frame014	test	scaled_masks_TR	doubleTransferLearn	63486	0	46	0	1238	7	34	52	673
28_slice014_frame016	test	scaled_masks_TR	doubleTransferLearn	65536	0	0	0	0	0	0	0	0
28_slice000_frame018	test	scaled_masks_TR	doubleTransferLearn	64814	0	3	0	239	122	235	1	122
27_slice009_frame015	test	scaled_masks_TR	doubleTransferLearn	63225	0	10	0	1511	17	102	35	636
26_slice009_frame010	test	scaled_masks_TR	doubleTransferLearn	63420	0	145	0	921	1	61	86	902
26_slice003_frame000	test	scaled_masks_TR	doubleTransferLearn	63981	0	89	0	924	5	2	71	464
26_slice003_frame014	test	scaled_masks_TR	doubleTransferLearn	64183	0	104	0	738	2	15	61	433
26_slice009_frame021	test	scaled_masks_TR	doubleTransferLearn	62905	0	58	0	1648	27	69	49	780
26_slice009_frame007	test	scaled_masks_TR	doubleTransferLearn	63370	0	58	0	1019	12	84	59	934
28_slice000_frame002	test	scaled_masks_TR	doubleTransferLearn	64921	0	64	0	89	69	142	40	211
26_slice007_frame005	test	scaled_masks_TR	doubleTransferLearn	63403	0	11	0	1223	30	43	39	787
27_slice003_frame007	test	scaled_masks_TR	doubleTransferLearn	64488	0	61	0	323	14	23	16	611
27_slice005_frame019	test	scaled_masks_TR	doubleTransferLearn	63770	0	55	0	1188	38	16	28	441
26_slice001_frame015	test	scaled_masks_TR	doubleTransferLearn	64733	0	25	0	447	15	12	33	271
28_slice012_frame006	test	scaled_masks_TR	doubleTransferLearn	65536	0	0	0	0	0	0	0	0
26_slice007_frame001	test	scaled_masks_TR	doubleTransferLearn	63069	0	15	0	1666	26	63	3	694
28_slice009_frame002	test	scaled_masks_TR	doubleTransferLearn	63273	0	6	0	1348	38	129	56	686
28_slice009_frame012	test	scaled_masks_TR	doubleTransferLearn	63284	0	13	0	1421	20	70	68	660
27_slice013_frame014	test	scaled_masks_TR	doubleTransferLearn	65085	257	194	0	0	0	0	0	0
26_slice003_frame007	test	scaled_masks_TR	doubleTransferLearn	64321	0	172	0	532	3	3	35	470
27_slice010_frame016	test	scaled_masks_TR	doubleTransferLearn	63264	0	62	0	1522	20	19	32	617
28_slice000_frame007	test	scaled_masks_TR	doubleTransferLearn	65261	0	0	72	0	0	201	0	2
28_slice010_frame014	test	scaled_masks_TR	doubleTransferLearn	63307	0	17	0	1418	13	67	36	678
26_slice006_frame021	test	scaled_masks_TR	doubleTransferLearn	63239	0	60	0	1492	14	56	49	626
26_slice007_frame017	test	scaled_masks_TR	doubleTransferLearn	63095	0	7	0	1557	15	76	50	736
27_slice009_frame019	test	scaled_masks_TR	doubleTransferLearn	63130	0	43	0	1556	11	43	70	683
28_slice003_frame019	test	scaled_masks_TR	doubleTransferLearn	64139	0	59	0	854	40	45	10	389
28_slice013_frame002	test	scaled_masks_TR	doubleTransferLearn	65536	0	0	0	0	0	0	0	0
27_slice000_frame010	test	scaled_masks_TR	doubleTransferLearn	65046	0	3	0	164	73	87	0	163
26_slice006_frame000	test	scaled_masks_TR	doubleTransferLearn	63218	0	32	0	1530	18	30	49	659
28_slice011_frame007	test	scaled_masks_TR	doubleTransferLearn	64202	0	55	0	687	81	74	35	402
28_slice003_frame001	test	scaled_masks_TR	doubleTransferLearn	64146	0	20	0	826	45	32	15	452
28_slice000_frame019	test	scaled_masks_TR	doubleTransferLearn	64883	0	8	0	231	40	165	3	206
28_slice003_frame017	test	scaled_masks_TR	doubleTransferLearn	64087	0	33	0	857	60	142	0	357
27_slice012_frame014	test	scaled_masks_TR	doubleTransferLearn	63534	0	17	0	1233	22	37	65	628
28_slice005_frame008	test	scaled_masks_TR	doubleTransferLearn	64000	0	113	0	670	20	36	35	662
26_slice013_frame007	test	scaled_masks_TR	doubleTransferLearn	63809	0	0	1163	0	0	564	0	0
28_slice009_frame005	test	scaled_masks_TR	doubleTransferLearn	63727	0	26	0	924	12	32	39	776
26_slice008_frame012	test	scaled_masks_TR	doubleTransferLearn	63469	0	111	0	1054	3	12	75	812
28_slice009_frame011	test	scaled_masks_TR	doubleTransferLearn	63417	0	40	0	1321	31	62	31	634
26_slice012_frame023	test	scaled_masks_TR	doubleTransferLearn	62791	0	55	0	1740	66	73	27	784
28_slice005_frame009	test	scaled_masks_TR	doubleTransferLearn	63969	0	28	0	798	18	81	28	614
26_slice010_frame003	test	scaled_masks_TR	doubleTransferLearn	62962	0	36	0	1519	16	88	60	855
27_slice008_frame000	test	scaled_masks_TR	doubleTransferLearn	63101	0	23	0	1583	48	107	24	650
28_slice009_frame007	test	scaled_masks_TR	doubleTransferLearn	63822	0	66	0	813	13	14	56	752
28_slice011_frame005	test	scaled_masks_TR	doubleTransferLearn	64082	0	51	0	829	41	54	20	459
28_slice011_frame019	test	scaled_masks_TR	doubleTransferLearn	63272	0	4	0	1434	84	98	15	629
28_slice013_frame000	test	scaled_masks_TR	doubleTransferLearn	63883	0	66	0	1036	23	16	38	474
26_slice006_frame011	test	scaled_masks_TR	doubleTransferLearn	63627	0	71	0	963	3	16	74	782
26_slice007_frame003	test	scaled_masks_TR	doubleTransferLearn	63218	0	47	0	1477	21	29	39	705
26_slice006_frame004	test	scaled_masks_TR	doubleTransferLearn	63447	0	16	0	1269	13	37	36	718
26_slice011_frame012	test	scaled_masks_TR	doubleTransferLearn	63315	0	19	0	1054	7	98	80	963
26_slice013_frame016	test	scaled_masks_TR	doubleTransferLearn	62996	0	56	0	1483	107	89	26	779
28_slice006_frame007	test	scaled_masks_TR	doubleTransferLearn	63869	0	69	0	763	32	28	19	756
26_slice000_frame006	test	scaled_masks_TR	doubleTransferLearn	65536	0	0	0	0	0	0	0	0
26_slice008_frame007	test	scaled_masks_TR	doubleTransferLearn	63471	0	131	0	979	3	6	77	869
28_slice014_frame005	test	scaled_masks_TR	doubleTransferLearn	65536	0	0	0	0	0	0	0	0
27_slice007_frame009	test	scaled_masks_TR	doubleTransferLearn	63489	0	5	2	1199	114	149	36	542
26_slice005_frame006	test	scaled_masks_TR	doubleTransferLearn	63738	0	69	0	917	2	15	79	716
27_slice008_frame019	test	scaled_masks_TR	doubleTransferLearn	63192	0	48	0	1574	26	39	33	624
26_slice003_frame005	test	scaled_masks_TR	doubleTransferLearn	64234	0	93	0	671	8	5	43	482
26_slice005_frame016	test	scaled_masks_TR	doubleTransferLearn	63497	0	48	0	1306	1	32	85	567
27_slice001_frame017	test	scaled_masks_TR	doubleTransferLearn	64519	0	7	0	498	52	126	15	319
27_slice011_frame013	test	scaled_masks_TR	doubleTransferLearn	63350	0	17	0	1368	17	91	25	668
28_slice003_frame013	test	scaled_masks_TR	doubleTransferLearn	64150	0	45	0	807	24	123	22	365
28_slice002_frame010	test	scaled_masks_TR	doubleTransferLearn	64558	0	37	0	514	40	58	25	304
27_slice006_frame012	test	scaled_masks_TR	doubleTransferLearn	63473	0	15	0	1321	35	130	16	546
26_slice009_frame012	test	scaled_masks_TR	doubleTransferLearn	63337	0	106	0	1101	55	77	19	841
27_slice000_frame017	test	scaled_masks_TR	doubleTransferLearn	64923	0	0	0	206	90	174	0	143
27_slice009_frame012	test	scaled_masks_TR	doubleTransferLearn	63297	0	42	0	1460	10	38	54	635
26_slice008_frame014	test	scaled_masks_TR	doubleTransferLearn	63230	0	127	0	1379	7	25	49	719
28_slice008_frame007	test	scaled_masks_TR	doubleTransferLearn	63797	0	47	0	864	1	29	37	761
26_slice002_frame001	test	scaled_masks_TR	doubleTransferLearn	64295	0	21	0	747	3	26	37	407
28_slice008_frame014	test	scaled_masks_TR	doubleTransferLearn	63300	0	50	0	1464	14	49	44	615
28_slice012_frame010	test	scaled_masks_TR	doubleTransferLearn	63818	0	9	0	900	140	140	5	524
26_slice005_frame017	test	scaled_masks_TR	doubleTransferLearn	63477	0	62	0	1305	2	6	107	577
28_slice014_frame019	test	scaled_masks_TR	doubleTransferLearn	65536	0	0	0	0	0	0	0	0
28_slice007_frame005	test	scaled_masks_TR	doubleTransferLearn	63706	0	8	0	946	13	76	18	769
28_slice000_frame017	test	scaled_masks_TR	doubleTransferLearn	64867	0	2	0	227	55	229	1	155
26_slice011_frame019	test	scaled_masks_TR	doubleTransferLearn	62752	0	45	0	1640	55	214	38	792
28_slice006_frame015	test	scaled_masks_TR	doubleTransferLearn	63494	0	25	0	1324	33	67	25	568
27_slice002_frame015	test	scaled_masks_TR	doubleTransferLearn	64433	0	16	0	633	25	54	38	337
26_slice002_frame020	test	scaled_masks_TR	doubleTransferLearn	64329	0	33	0	733	6	16	25	394
27_slice007_frame014	test	scaled_masks_TR	doubleTransferLearn	63345	0	18	0	1447	38	82	33	573
26_slice006_frame023	test	scaled_masks_TR	doubleTransferLearn	63180	0	6	0	1563	6	91	36	654
28_slice004_frame018	test	scaled_masks_TR	doubleTransferLearn	63933	0	17	0	1007	34	72	18	455
26_slice005_frame007	test	scaled_masks_TR	doubleTransferLearn	63778	0	34	0	865	1	18	70	770
27_slice010_frame010	test	scaled_masks_TR	doubleTransferLearn	63418	0	43	0	1293	41	34	24	683
26_slice000_frame003	test	scaled_masks_TR	doubleTransferLearn	65357	95	84	0	0	0	0	0	0
28_slice005_frame002	test	scaled_masks_TR	doubleTransferLearn	63652	0	13	0	1164	48	81	20	558
27_slice006_frame018	test	scaled_masks_TR	doubleTransferLearn	63494	0	21	0	1189	92	141	41	558
27_slice010_frame019	test	scaled_masks_TR	doubleTransferLearn	63156	0	46	0	1567	39	24	43	661
27_slice012_frame013	test	scaled_masks_TR	doubleTransferLearn	63526	0	13	0	1270	19	64	17	627
28_slice007_frame003	test	scaled_masks_TR	doubleTransferLearn	63591	0	37	0	1164	67	38	6	633
26_slice011_frame023	test	scaled_masks_TR	doubleTransferLearn	62759	0	46	0	1755	74	107	39	756
26_slice012_frame021	test	scaled_masks_TR	doubleTransferLearn	62840	0	23	0	1636	58	122	27	830
27_slice002_frame016	test	scaled_masks_TR	doubleTransferLearn	64393	0	14	0	653	46	103	9	318
26_slice013_frame023	test	scaled_masks_TR	doubleTransferLearn	62899	0	37	0	1674	21	40	31	834
28_slice004_frame009	test	scaled_masks_TR	doubleTransferLearn	64162	0	8	0	604	20	109	64	569
26_slice005_frame014	test	scaled_masks_TR	doubleTransferLearn	63591	0	55	0	1209	23	32	59	567
27_slice013_frame000	test	scaled_masks_TR	doubleTransferLearn	63621	0	0	1071	210	50	375	0	209
26_slice004_frame012	test	scaled_masks_TR	doubleTransferLearn	64162	0	83	0	751	48	22	38	432
26_slice008_frame011	test	scaled_masks_TR	doubleTransferLearn	63515	0	93	0	1011	16	8	52	841
26_slice008_frame022	test	scaled_masks_TR	doubleTransferLearn	62990	0	75	0	1699	13	40	24	695
28_slice001_frame010	test	scaled_masks_TR	doubleTransferLearn	64753	0	21	0	332	16	40	52	322
26_slice012_frame011	test	scaled_masks_TR	doubleTransferLearn	63841	0	10	859	128	1	343	26	328
26_slice001_frame003	test	scaled_masks_TR	doubleTransferLearn	64657	0	57	0	449	2	10	52	309
27_slice012_frame000	test	scaled_masks_TR	doubleTransferLearn	63249	0	8	0	1465	115	163	20	516
28_slice002_frame003	test	scaled_masks_TR	doubleTransferLearn	64443	0	57	0	473	51	85	19	408
26_slice003_frame006	test	scaled_masks_TR	doubleTransferLearn	64282	0	113	0	603	1	8	39	490
26_slice008_frame021	test	scaled_masks_TR	doubleTransferLearn	62985	0	30	0	1636	8	43	56	778
28_slice007_frame002	test	scaled_masks_TR	doubleTransferLearn	63403	0	14	0	1327	67	86	8	631
26_slice005_frame023	test	scaled_masks_TR	doubleTransferLearn	63434	0	116	0	1391	4	2	96	493
27_slice012_frame005	test	scaled_masks_TR	doubleTransferLearn	65536	0	0	0	0	0	0	0	0
27_slice010_frame012	test	scaled_masks_TR	doubleTransferLearn	63268	0	75	0	1493	16	25	37	622
28_slice002_frame004	test	scaled_masks_TR	doubleTransferLearn	64534	0	10	0	390	14	46	48	494
27_slice000_frame007	test	scaled_masks_TR	doubleTransferLearn	65074	0	0	109	0	0	353	0	0
26_slice008_frame006	test	scaled_masks_TR	doubleTransferLearn	63427	0	136	0	1078	3	1	89	802
26_slice014_frame007	test	scaled_masks_TR	doubleTransferLearn	65536	0	0	0	0	0	0	0	0
27_slice005_frame011	test	scaled_masks_TR	doubleTransferLearn	63801	0	20	0	1121	46	77	27	444
28_slice014_frame015	test	scaled_masks_TR	doubleTransferLearn	65536	0	0	0	0	0	0	0	0
26_slice003_frame010	test	scaled_masks_TR	doubleTransferLearn	64364	0	132	0	416	5	0	30	589
26_slice003_frame017	test	scaled_masks_TR	doubleTransferLearn	64044	0	43	0	886	22	41	25	475
28_slice004_frame011	test	scaled_masks_TR	doubleTransferLearn	64041	0	27	0	914	42	87	30	395
28_slice011_frame000	test	scaled_masks_TR	doubleTransferLearn	63323	0	23	0	1377	64	78	46	625
26_slice000_frame011	test	scaled_masks_TR	doubleTransferLearn	65536	0	0	0	0	0	0	0	0
26_slice002_frame024	test	scaled_masks_TR	doubleTransferLearn	64265	0	14	0	765	36	58	21	377
26_slice005_frame018	test	scaled_masks_TR	doubleTransferLearn	63446	0	50	0	1357	3	21	64	595
26_slice013_frame006	test	scaled_masks_TR	doubleTransferLearn	63787	0	14	1211	16	39	311	0	158
28_slice008_frame004	test	scaled_masks_TR	doubleTransferLearn	63635	0	60	0	1112	45	5	32	647
28_slice009_frame017	test	scaled_masks_TR	doubleTransferLearn	63142	0	1	0	1502	12	136	39	704
28_slice010_frame018	test	scaled_masks_TR	doubleTransferLearn	63078	0	0	0	1510	11	193	46	698
27_slice004_frame005	test	scaled_masks_TR	doubleTransferLearn	64174	0	85	0	656	43	20	17	541
28_slice012_frame013	test	scaled_masks_TR	doubleTransferLearn	63664	0	28	0	1154	90	59	1	540
27_slice004_frame009	test	scaled_masks_TR	doubleTransferLearn	64270	0	49	0	664	8	36	69	440
26_slice013_frame019	test	scaled_masks_TR	doubleTransferLearn	62980	0	67	0	1492	19	66	84	828
26_slice014_frame016	test	scaled_masks_TR	doubleTransferLearn	65536	0	0	0	0	0	0	0	0
26_slice012_frame024	test	scaled_masks_TR	doubleTransferLearn	62824	0	8	0	1716	15	58	28	887
26_slice010_frame009	test	scaled_masks_TR	doubleTransferLearn	63405	0	68	0	913	23	84	51	992
28_slice004_frame016	test	scaled_masks_TR	doubleTransferLearn	63949	0	17	0	965	32	87	34	452
